rank_num,title,rating,comment_num,info,quote,detail_url,poster_path,year,runtime,imdb,director,genre,actors
1,肖申克的救赎 月黑高飞(港)    刺激1995(台),9.7,3285909,"导演: 弗兰克·德拉邦特 Frank Darabont   主演: 蒂姆·罗宾斯 Tim Robbins /...
              1994 / 美国 / 犯罪 剧情",希望让人自由。,https://movie.douban.com/subject/1292052/,data/images\肖申克的救赎 月黑高飞_港_    刺激1995_台_.jpg,1994,142分钟,tt0111161,弗兰克·德拉邦特,犯罪 剧情,蒂姆·罗宾斯
2,霸王别姬 再见，我的妾    Farewell My Concubine,9.6,2424344,"导演: 陈凯歌 Kaige Chen   主演: 张国荣 Leslie Cheung / 张丰毅 Fengyi Zha...
              1993 / 中国大陆 中国香港 / 剧情 爱情 同性",风华绝代。,https://movie.douban.com/subject/1291546/,data/images\霸王别姬 再见，我的妾    Farewell My Con.jpg,1993,171分钟,tt0106332,陈凯歌,剧情 爱情 同性,张国荣、张丰毅
3,泰坦尼克号 铁达尼号(港  台),9.5,2499637,"导演: 詹姆斯·卡梅隆 James Cameron   主演: 莱昂纳多·迪卡普里奥 Leonardo...
              1997 / 美国 / 剧情 爱情 灾难",失去的才是永恒的。,https://movie.douban.com/subject/1292722/,data/images\泰坦尼克号 铁达尼号_港  台_.jpg,1997,194分钟,tt0120338,詹姆斯·卡梅隆,剧情 爱情 灾难,莱昂纳多·迪卡普里奥
4,阿甘正传 福雷斯特·冈普,9.5,2431332,"导演: 罗伯特·泽米吉斯 Robert Zemeckis   主演: 汤姆·汉克斯 Tom Hanks / ...
              1994 / 美国 / 剧情 爱情",一部美国近现代史。,https://movie.douban.com/subject/1292720/,data/images\阿甘正传 福雷斯特·冈普.jpg,1994,142分钟,tt0109830,罗伯特·泽米吉斯,剧情 爱情,汤姆·汉克斯
5,千与千寻 神隐少女(台)    千与千寻的神隐,9.4,2538059,"导演: 宫崎骏 Hayao Miyazaki   主演: 柊瑠美 Rumi Hîragi / 入野自由 Miy...
              2001 / 日本 / 剧情 动画 奇幻",最好的宫崎骏，最好的久石让。,https://movie.douban.com/subject/1291561/,data/images\千与千寻 神隐少女_台_    千与千寻的神隐.jpg,2001,125分钟,tt0245429,宫崎骏,剧情 动画 奇幻,柊瑠美、入野自由
6,美丽人生 一个快乐的传说(港)    Life Is Beautiful,9.5,1482937,"导演: 罗伯托·贝尼尼 Roberto Benigni   主演: 罗伯托·贝尼尼 Roberto Beni...
              1997 / 意大利 / 剧情 喜剧 爱情 战争",最美的谎言。,https://movie.douban.com/subject/1292063/,data/images\美丽人生 一个快乐的传说_港_    Life Is Bea.jpg,1997,116分钟,tt0118799,罗伯托·贝尼尼,剧情 喜剧 爱情 战争,罗伯托·贝尼尼
7,星际穿越 星际启示录(港)    星际效应(台),9.4,2185022,"导演: 克里斯托弗·诺兰 Christopher Nolan   主演: 马修·麦康纳 Matthew Mc...
              2014 / 美国 英国 加拿大 / 剧情 科幻 冒险",爱是一种力量，让我们超越时空感知它的存在。,https://movie.douban.com/subject/1889243/,data/images\星际穿越 星际启示录_港_    星际效应_台_.jpg,2014,169分钟,tt0816692,克里斯托弗·诺兰,剧情 科幻 冒险,马修·麦康纳
8,这个杀手不太冷 终极追杀令(台)    杀手莱昂,9.4,2553230,"导演: 吕克·贝松 Luc Besson   主演: 让·雷诺 Jean Reno / 娜塔莉·波特曼 ...
              1994 / 法国 美国 / 剧情 动作 犯罪",怪蜀黍和小萝莉不得不说的故事。,https://movie.douban.com/subject/1295644/,data/images\这个杀手不太冷 终极追杀令_台_    杀手莱昂.jpg,1994,133分钟,tt0110413,吕克·贝松,剧情 动作 犯罪,让·雷诺、娜塔莉·波特曼
9,盗梦空间 潜行凶间(港)    全面启动(台),9.4,2326461,"导演: 克里斯托弗·诺兰 Christopher Nolan   主演: 莱昂纳多·迪卡普里奥 Le...
              2010 / 美国 英国 / 剧情 科幻 悬疑 冒险",诺兰给了我们一场无法盗取的梦。,https://movie.douban.com/subject/3541415/,data/images\盗梦空间 潜行凶间_港_    全面启动_台_.jpg,2010,148分钟,tt1375666,克里斯托弗·诺兰,剧情 科幻 悬疑 冒险,莱昂纳多·迪卡普里奥
10,楚门的世界 真人Show(港)    真人戏,9.4,2020345,"导演: 彼得·威尔 Peter Weir   主演: 金·凯瑞 Jim Carrey / 劳拉·琳妮 Lau...
              1998 / 美国 / 剧情 科幻",如果再也不能见到你，祝你早安，午安，晚安。,https://movie.douban.com/subject/1292064/,data/images\楚门的世界 真人Show_港_    真人戏.jpg,1998,103分钟,tt0120382,彼得·威尔,剧情 科幻,金·凯瑞、劳拉·琳妮
11,辛德勒的名单 舒特拉的名单(港)    辛德勒名单,9.5,1247693,"导演: 史蒂文·斯皮尔伯格 Steven Spielberg   主演: 连姆·尼森 Liam Neeson...
              1993 / 美国 / 剧情 历史 战争",拯救一个人，就是拯救整个世界。,https://movie.douban.com/subject/1295124/,data/images\辛德勒的名单 舒特拉的名单_港_    辛德勒名单.jpg,1993,195分钟,tt0108052,史蒂文·斯皮尔伯格,剧情 历史 战争,连姆·尼森
12,忠犬八公的故事 秋田犬八千(港)    忠犬小八(台),9.4,1543850,"导演: 莱塞·霍尔斯道姆 Lasse Hallström   主演: 理查·基尔 Richard Ger...
              2009 / 美国 英国 / 剧情",永远都不能忘记你所爱的人。,https://movie.douban.com/subject/3011091/,data/images\忠犬八公的故事 秋田犬八千_港_    忠犬小八_台_.jpg,2009,93分钟,tt1028532,莱塞·霍尔斯道姆,剧情,理查·基尔
13,海上钢琴师 声光伴我飞(港)    一九零零的传奇,9.3,1880290,"导演: 朱塞佩·托纳多雷 Giuseppe Tornatore   主演: 蒂姆·罗斯 Tim Roth / ...
              1998 / 意大利 / 剧情 音乐",每个人都要走一条自己坚定了的路，就算是粉身碎骨。,https://movie.douban.com/subject/1292001/,data/images\海上钢琴师 声光伴我飞_港_    一九零零的传奇.jpg,1998,120分钟,tt0120731,朱塞佩·托纳多雷,剧情 音乐,蒂姆·罗斯
14,疯狂动物城 优兽大都会(港)    动物方城市(台),9.3,2321345,"导演: 拜伦·霍华德 Byron Howard / 瑞奇·摩尔 Rich Moore   主演: 金妮弗·...
              2016 / 美国 / 喜剧 动画 冒险",迪士尼给我们营造的乌托邦就是这样，永远善良勇敢，永远出乎意料。,https://movie.douban.com/subject/25662329/,data/images\疯狂动物城 优兽大都会_港_    动物方城市_台_.jpg,2016,109分钟,tt2948356,拜伦·霍华德,喜剧 动画 冒险,金妮弗·
15,三傻大闹宝莱坞 三个傻瓜(台)    作死不离3兄弟(港),9.2,2079398,"导演: 拉库马·希拉尼 Rajkumar Hirani   主演: 阿米尔·汗 Aamir Khan / 卡...
              2009 / 印度 / 剧情 喜剧 爱情 歌舞",英俊版憨豆，高情商版谢耳朵。,https://movie.douban.com/subject/3793023/,data/images\三傻大闹宝莱坞 三个傻瓜_台_    作死不离3兄弟_港_.jpg,2009,171分钟,tt1187043,拉库马·希拉尼,剧情 喜剧 爱情 歌舞,阿米尔·汗、卡
16,机器人总动员 太空奇兵·威E(港)    瓦力(台),9.3,1494250,"导演: 安德鲁·斯坦顿 Andrew Stanton   主演: 本·贝尔特 Ben Burtt / 艾丽...
              2008 / 美国 / 科幻 动画 冒险",小瓦力，大人生。,https://movie.douban.com/subject/2131459/,data/images\机器人总动员 太空奇兵·威E_港_    瓦力_台_.jpg,2008,98分钟,tt0910970,安德鲁·斯坦顿,科幻 动画 冒险,本·贝尔特、艾丽
17,放牛班的春天 歌声伴我心(港)    唱诗班男孩,9.3,1474563,"导演: 克里斯托夫·巴拉蒂 Christophe Barratier   主演: 让-巴蒂斯特·莫尼...
              2004 / 法国 瑞士 德国 / 剧情 音乐",天籁一般的童声，是最接近上帝的存在。,https://movie.douban.com/subject/1291549/,data/images\放牛班的春天 歌声伴我心_港_    唱诗班男孩.jpg,2004,97分钟,tt0372824,克里斯托夫·巴拉蒂,剧情 音乐,让、巴蒂斯特·莫尼
18,无间道 Infernal Affairs    Mou gaan dou,9.3,1566107,"导演: 刘伟强 / 麦兆辉   主演: 刘德华 Andy Lau / 梁朝伟 Tony Leung Chiu W...
              2002 / 中国香港 / 剧情 犯罪 惊悚",香港电影史上永不过时的杰作。,https://movie.douban.com/subject/1307914/,data/images\无间道 Infernal Affairs    Mou ga.jpg,2002,101分钟,tt0338564,刘伟强,剧情 犯罪 惊悚,刘德华、梁朝伟
19,控方证人 雄才伟略    情妇,9.6,744140,"导演: 比利·怀尔德 Billy Wilder   主演: 泰隆·鲍华 Tyrone Power / 玛琳·...
              1957 / 美国 / 剧情 犯罪 悬疑 惊悚",比利·怀德满分作品。,https://movie.douban.com/subject/1296141/,data/images\控方证人 雄才伟略    情妇.jpg,1957,116分钟,tt0051201,比利·怀尔德,剧情 犯罪 悬疑 惊悚,泰隆·鲍华、玛琳·
20,寻梦环游记 玩转极乐园(港)    可可夜总会(台),9.1,1990753,"导演: 李·昂克里奇 Lee Unkrich / 阿德里安·莫利纳 Adrian Molina   主演: ...
              2017 / 美国 / 喜剧 动画 奇幻 音乐",死亡不是真的逝去，遗忘才是永恒的消亡。,https://movie.douban.com/subject/20495023/,data/images\寻梦环游记 玩转极乐园_港_    可可夜总会_台_.jpg,2017,105分钟,tt2380307,李·昂克里奇,喜剧 动画 奇幻 音乐,...
21,大话西游之大圣娶亲 西游记完结篇仙履奇缘    齐天大圣西游记,9.2,1710413,"导演: 刘镇伟 Jeffrey Lau   主演: 周星驰 Stephen Chow / 吴孟达 Man Tat Ng...
              1995 / 中国香港 中国大陆 / 喜剧 爱情 奇幻 古装",一生所爱。,https://movie.douban.com/subject/1292213/,data/images\大话西游之大圣娶亲 西游记完结篇仙履奇缘    齐天大圣西游.jpg,1995,95分钟,tt0114996,刘镇伟,喜剧 爱情 奇幻 古装,周星驰、吴孟达
22,熔炉 无声呐喊(港)    漩涡,9.3,1036692,"导演: 黄东赫 Dong-hyuk Hwang   主演: 孔侑 Yoo Gong / 郑有美 Yu-mi Jung /...
              2011 / 韩国 / 剧情",我们一路奋战不是为了改变世界，而是为了不让世界改变我们。,https://movie.douban.com/subject/5912992/,data/images\熔炉 无声呐喊_港_    漩涡.jpg,2011,125分钟,tt2070649,黄东赫,剧情,孔侑、郑有美
23,触不可及 闪亮人生(港)    逆转人生(台),9.3,1296795,"导演: 奥利维·那卡什 Olivier Nakache / 艾力克·托兰达 Eric Toledano   主...
              2011 / 法国 / 剧情 喜剧",满满温情的高雅喜剧。,https://movie.douban.com/subject/6786002/,data/images\触不可及 闪亮人生_港_    逆转人生_台_.jpg,2011,112分钟,tt1675434,奥利维·那卡什,剧情 喜剧,未知主演
24,教父 Mario Puzo's The Godfather,9.3,1108146,"导演: 弗朗西斯·福特·科波拉 Francis Ford Coppola   主演: 马龙·白兰度 M...
              1972 / 美国 / 剧情 犯罪",千万不要记恨你的对手，这样会让你失去理智。,https://movie.douban.com/subject/1291841/,data/images\教父 Mario Puzo_s The Godfather.jpg,1972,175分钟,tt0068646,弗朗西斯·福特·科波拉,剧情 犯罪,马龙·白兰度
25,末代皇帝 末代皇帝溥仪(港)    L'ultimo imperatore,9.3,1029806,"导演: 贝纳尔多·贝托鲁奇 Bernardo Bertolucci   主演: 尊龙 John Lone / 陈...
              1987 / 英国 意大利 中国大陆 法国 / 剧情 传记 历史",“不要跟我比惨，我比你更惨”再适合这部电影不过了。,https://movie.douban.com/subject/1293172/,data/images\末代皇帝 末代皇帝溥仪_港_    L_ultimo imp.jpg,1987,163分钟,tt0093389,贝纳尔多·贝托鲁奇,剧情 传记 历史,尊龙、陈
26,哈利·波特与魔法石 哈利波特1：神秘的魔法石(港  台),9.2,1424205,"导演: Chris Columbus   主演: Daniel Radcliffe / Emma Watson / Rupert Grint
              2001 / 美国 英国 / 奇幻 冒险",童话世界的开端。,https://movie.douban.com/subject/1295038/,data/images\哈利·波特与魔法石 哈利波特1：神秘的魔法石_港  台_.jpg,2001,152分钟,tt0241527,Chris,奇幻 冒险,Daniel Radcliffe / Emma Watson / Rupert Grint
27,当幸福来敲门 寻找快乐的故事(港)    追求快乐,9.1,1689137,"导演: 加布里尔·穆奇诺 Gabriele Muccino   主演: 威尔·史密斯 Will Smith ...
              2006 / 美国 / 剧情 传记 家庭",平民励志片。,https://movie.douban.com/subject/1849031/,data/images\当幸福来敲门 寻找快乐的故事_港_    追求快乐.jpg,2006,117分钟,tt0454921,加布里尔·穆奇诺,剧情 传记 家庭,威尔·史密斯
28,龙猫 邻居托托罗    邻家的豆豆龙,9.2,1412299,"导演: 宫崎骏 Hayao Miyazaki   主演: 日高法子 Noriko Hidaka / 坂本千夏 Ch...
              1988 / 日本 / 动画 奇幻 冒险",人人心中都有个龙猫，童年就永远不会消失。,https://movie.douban.com/subject/1291560/,data/images\龙猫 邻居托托罗    邻家的豆豆龙.jpg,1988,86分钟,tt0096283,宫崎骏,动画 奇幻 冒险,日高法子、坂本千夏
29,活着 人生    Lifetimes,9.3,971188,"导演: 张艺谋 Yimou Zhang   主演: 葛优 You Ge / 巩俐 Li Gong / 姜武 Wu Jiang
              1994 / 中国大陆 中国香港 / 剧情 历史 家庭",张艺谋最好的电影。,https://movie.douban.com/subject/1292365/,data/images\活着 人生    Lifetimes.jpg,1994,132分钟,tt0110081,张艺谋,剧情 历史 家庭,葛优、巩俐、姜武
30,怦然心动 萌动青春    青春萌动,9.1,2052681,"导演: 罗伯·莱纳 Rob Reiner   主演: 玛德琳·卡罗尔 Madeline Carroll / 卡...
              2010 / 美国 / 剧情 喜剧 爱情",真正的幸福是来自内心深处。,https://movie.douban.com/subject/3319755/,data/images\怦然心动 萌动青春    青春萌动.jpg,2010,90分钟,tt0817177,罗伯·莱纳,剧情 喜剧 爱情,玛德琳·卡罗尔、卡
31,蝙蝠侠：黑暗骑士 蝙蝠侠前传2：黑暗骑士    黑暗骑士(台),9.2,1193765,"导演: 克里斯托弗·诺兰 Christopher Nolan   主演: 克里斯蒂安·贝尔 Christ...
              2008 / 美国 英国 / 剧情 动作 科幻 犯罪 惊悚",无尽的黑暗。,https://movie.douban.com/subject/1851857/,data/images\蝙蝠侠：黑暗骑士 蝙蝠侠前传2：黑暗骑士    黑暗骑士_台.jpg,2008,152分钟,tt0468569,克里斯托弗·诺兰,剧情 动作 科幻 犯罪 惊悚,克里斯蒂安·贝尔
32,指环王3：王者无敌 魔戒三部曲：王者再临(台  港),9.3,911472,"导演: 彼得·杰克逊 Peter Jackson   主演: 伊利亚·伍德 Elijah Wood / 西恩...
              2003 / 美国 新西兰 / 剧情 动作 奇幻 冒险",史诗的终章。,https://movie.douban.com/subject/1291552/,data/images\指环王3：王者无敌 魔戒三部曲：王者再临_台  港_.jpg,2003,201分钟,tt0167260,彼得·杰克逊,剧情 动作 奇幻 冒险,伊利亚·伍德、西恩
33,我不是药神 中国药神    印度药神,9.0,2352314,"导演: 文牧野 Muye Wen   主演: 徐峥 Zheng Xu / 王传君 Chuanjun Wang / 周...
              2018 / 中国大陆 / 剧情 喜剧",对我们国家而言，这样的电影多一部是一部。,https://movie.douban.com/subject/26752088/,data/images\我不是药神 中国药神    印度药神.jpg,2018,117分钟,tt7362036,文牧野,剧情 喜剧,徐峥、王传君、周
34,乱世佳人 飘,9.3,796482,"导演: 维克多·弗莱明 Victor Fleming / 乔治·库克 George Cukor   主演: 费...
              1939 / 美国 / 剧情 历史 爱情 战争",Tomorrow is another day.,https://movie.douban.com/subject/1300267/,data/images\乱世佳人 飘.jpg,1939,233分钟,tt0031381,维克多·弗莱明,剧情 历史 爱情 战争,费
35,飞屋环游记 冲天救兵(港)    天外奇迹(台),9.1,1502269,"导演: 彼特·道格特 Pete Docter / 鲍勃·彼德森 Bob Peterson   主演: 爱德...
              2009 / 美国 / 剧情 喜剧 动画 冒险",最后那些最无聊的事情，才是最值得怀念的。,https://movie.douban.com/subject/2129039/,data/images\飞屋环游记 冲天救兵_港_    天外奇迹_台_.jpg,2009,96分钟,tt1049413,彼特·道格特,剧情 喜剧 动画 冒险,爱德
36,让子弹飞 让子弹飞一会儿    火烧云,9.0,1922000,"导演: 姜文 Wen Jiang   主演: 姜文 Wen Jiang / 葛优 You Ge / 周润发 Yun-F...
              2010 / 中国大陆 中国香港 / 剧情 喜剧 动作 西部",你给我翻译翻译，神马叫做TMD的惊喜。,https://movie.douban.com/subject/3742360/,data/images\让子弹飞 让子弹飞一会儿    火烧云.jpg,2010,132分钟,tt1533117,姜文,剧情 喜剧 动作 西部,姜文、葛优、周润发
37,哈尔的移动城堡 哈尔移动城堡(港)    霍尔的移动城堡(台),9.1,1292883,"导演: 宫崎骏 Hayao Miyazaki   主演: 倍赏千惠子 Chieko Baishô / 木村拓...
              2004 / 日本 / 爱情 动画 奇幻 冒险",带着心爱的人在天空飞翔。,https://movie.douban.com/subject/1308807/,data/images\哈尔的移动城堡 哈尔移动城堡_港_    霍尔的移动城堡_台.jpg,2004,119分钟,tt0347149,宫崎骏,爱情 动画 奇幻 冒险,倍赏千惠子、木村拓
38,十二怒汉 12怒汉    十二怒汉,9.4,579824,"导演: 西德尼·吕美特 Sidney Lumet   主演: 亨利·方达 Henry Fonda / 马丁...
              1957 / 美国 / 剧情",1957年的理想主义。,https://movie.douban.com/subject/1293182/,data/images\十二怒汉 12怒汉    十二怒汉.jpg,1957,96分钟,tt0050083,西德尼·吕美特,剧情,亨利·方达、马丁
39,海蒂和爷爷 飘零燕(港)    海蒂,9.3,783267,"导演: 阿兰·葛斯彭纳 Alain Gsponer   主演: 阿努克·斯特芬 Anuk Steffen /...
              2015 / 德国 瑞士 / 剧情 冒险 家庭",如果生活中有什么使你感到快乐，那就去做吧！不要管别人说什么。,https://movie.douban.com/subject/25958717/,data/images\海蒂和爷爷 飘零燕_港_    海蒂.jpg,2015,111分钟,tt3700392,阿兰·葛斯彭纳,剧情 冒险 家庭,阿努克·斯特芬
40,素媛 许愿    希望：为爱重生(台),9.3,777070,"导演: 李濬益 Jun-ik Lee   主演: 薛景求 Kyung-gu Sol / 严志媛 Ji-won Uhm ...
              2013 / 韩国 / 剧情",受过伤害的人总是笑得最开心，因为他们不愿意让身边的人承受一样的痛苦。,https://movie.douban.com/subject/21937452/,data/images\素媛 许愿    希望：为爱重生_台_.jpg,2013,122分钟,tt3153634,李濬益,剧情,薛景求、严志媛
41,猫鼠游戏 逍遥法外    捉智双雄(港),9.1,1212748,"导演: 史蒂文·斯皮尔伯格 Steven Spielberg   主演: 莱昂纳多·迪卡普里奥 L...
              2002 / 美国 加拿大 / 传记 犯罪 剧情",骗子大师和执著警探的你追我跑故事。,https://movie.douban.com/subject/1305487/,data/images\猫鼠游戏 逍遥法外    捉智双雄_港_.jpg,2002,141分钟,tt0264464,史蒂文·斯皮尔伯格,传记 犯罪 剧情,莱昂纳多·迪卡普里奥
42,天空之城 天空之城拉普他    空中城堡拉普他,9.2,1010257,"导演: 宫崎骏 Hayao Miyazaki   主演: 田中真弓 Mayumi Tanaka / 横泽启子 Ke...
              1986 / 日本 / 动画 奇幻 冒险",对天空的追逐，永不停止。,https://movie.douban.com/subject/1291583/,data/images\天空之城 天空之城拉普他    空中城堡拉普他.jpg,1986,125分钟,tt0092067,宫崎骏,动画 奇幻 冒险,田中真弓、横泽启子
43,鬼子来了 Devils on the Doorstep,9.3,716133,"导演: 姜文 Wen Jiang   主演: 姜文 Wen Jiang / 香川照之 Teruyuki Kagawa /...
              2000 / 中国大陆 / 剧情 喜剧",对敌人的仁慈，就是对自己残忍。,https://movie.douban.com/subject/1291858/,data/images\鬼子来了 Devils on the Doorstep.jpg,2000,139分钟,tt0245929,姜文,剧情 喜剧,姜文、香川照之
44,摔跤吧！爸爸 我和我的冠军女儿(台)    打死不离3父女(港),9.0,1747162,"导演: 涅提·蒂瓦里 Nitesh Tiwari   主演: 阿米尔·汗 Aamir Khan / 法缇玛...
              2016 / 印度 / 剧情 传记 运动 家庭",你不是在为你一个人战斗，你要让千千万万的女性看到女生并不是只能相夫教子。,https://movie.douban.com/subject/26387939/,data/images\摔跤吧！爸爸 我和我的冠军女儿_台_    打死不离3父女_.jpg,2016,161分钟,tt5074352,涅提·蒂瓦里,剧情 传记 运动 家庭,阿米尔·汗、法缇玛
45,少年派的奇幻漂流 少年Pi的奇幻漂流    漂流少年Pi,9.1,1491055,"导演: 李安 Ang Lee   主演: 苏拉·沙玛 Suraj Sharma / 伊尔凡·可汗 Irrfan...
              2012 / 美国 中国台湾 英国 加拿大 / 剧情 奇幻 冒险",瑰丽壮观、无人能及的冒险之旅。,https://movie.douban.com/subject/1929463/,data/images\少年派的奇幻漂流 少年Pi的奇幻漂流    漂流少年Pi.jpg,2012,127分钟,tt0454876,李安,剧情 奇幻 冒险,苏拉·沙玛、伊尔凡·可汗
46,钢琴家 钢琴战曲(港)    战地琴人(台),9.3,751234,"导演: 罗曼·波兰斯基 Roman Polanski   主演: 艾德里安·布洛迪 Adrien Brod...
              2002 / 英国 法国 波兰 德国 美国 / 剧情 传记 战争 音乐",无经典台词,https://movie.douban.com/subject/1296736/,data/images\钢琴家 钢琴战曲_港_    战地琴人_台_.jpg,2002,149分钟,tt0253474,罗曼·波兰斯基,剧情 传记 战争 音乐,艾德里安·布洛迪
47,指环王2：双塔奇兵 魔戒二部曲：双城奇谋    指环王II：双塔,9.2,858447,"导演: 彼得·杰克逊 Peter Jackson   主演: 伊利亚·伍德 Elijah Wood / 西恩...
              2002 / 美国 新西兰 / 剧情 动作 奇幻 冒险",承前启后的史诗篇章。,https://movie.douban.com/subject/1291572/,data/images\指环王2：双塔奇兵 魔戒二部曲：双城奇谋    指环王II：.jpg,2002,180分钟,tt0167261,彼得·杰克逊,剧情 动作 奇幻 冒险,伊利亚·伍德、西恩
48,死亡诗社 暴雨骄阳(港)    春风化雨(台),9.2,885084,"导演: 彼得·威尔 Peter Weir   主演: 罗宾·威廉姆斯 Robin Williams / 罗伯...
              1989 / 美国 / 剧情",当一个死水般的体制内出现一个活跃的变数时，所有的腐臭都站在了光明的对面。,https://movie.douban.com/subject/1291548/,data/images\死亡诗社 暴雨骄阳_港_    春风化雨_台_.jpg,1989,128分钟,tt0097165,彼得·威尔,剧情,罗宾·威廉姆斯、罗伯
49,大话西游之月光宝盒 西游记101回月光宝盒    齐天大圣东游记,9.0,1367159,"导演: 刘镇伟 Jeffrey Lau   主演: 周星驰 Stephen Chow / 吴孟达 Man Tat Ng...
              1995 / 中国香港 中国大陆 / 喜剧 爱情 奇幻 古装",无经典台词,https://movie.douban.com/subject/1299398/,data/images\大话西游之月光宝盒 西游记101回月光宝盒    齐天大圣东.jpg,1995,88分钟,tt0112778,刘镇伟,喜剧 爱情 奇幻 古装,周星驰、吴孟达
50,绿皮书 绿簿旅友(港)    幸福绿皮书(台),8.9,1895223,"导演: 彼得·法雷里 Peter Farrelly   主演: 维果·莫腾森 Viggo Mortensen /...
              2018 / 美国 中国大陆 / 剧情 喜剧 传记 音乐",去除成见，需要勇气。,https://movie.douban.com/subject/27060077/,data/images\绿皮书 绿簿旅友_港_    幸福绿皮书_台_.jpg,2018,130分钟,tt6966692,彼得·法雷里,剧情 喜剧 传记 音乐,维果·莫腾森
51,何以为家 迦百农    星仔打官司(港),9.1,1163643,"导演: 娜丁·拉巴基 Nadine Labaki   主演: 扎因·拉费阿 Zain al-Rafeea / ...
              2018 / 黎巴嫩 美国 法国 塞浦路斯 卡塔尔 英国 / 剧情",凝视卑弱生命，用电影改变命运。,https://movie.douban.com/subject/30170448/,data/images\何以为家 迦百农    星仔打官司_港_.jpg,2018,126分钟,tt8267604,娜丁·拉巴基,剧情,扎因·拉费阿
52,闻香识女人 女人香    女人的芳香,9.1,1024686,"导演: 马丁·布莱斯 Martin Brest   主演: 阿尔·帕西诺 Al Pacino / 克里斯...
              1992 / 美国 / 剧情",无经典台词,https://movie.douban.com/subject/1298624/,data/images\闻香识女人 女人香    女人的芳香.jpg,1992,157分钟,tt0105323,马丁·布莱斯,剧情,阿尔·帕西诺、克里斯
53,大闹天宫 大闹天宫 上下集    The Monkey King,9.4,510690,"导演: 万籁鸣 Laiming Wan   主演: 邱岳峰 Yuefeng Qiu / 富润生 Runsheng Fu...
              1961(中国大陆) / 1964(中国大陆) / 1978(中国大陆) / 中国大陆 / 剧情 动画 奇幻 古装",无经典台词,https://movie.douban.com/subject/1418019/,data/images\大闹天宫 大闹天宫 上下集    The Monkey Ki.jpg,1961,113分钟,tt0059855,万籁鸣,剧情 动画 奇幻 古装,邱岳峰、富润生
54,黑客帝国 22世纪杀人网络(港)    廿二世纪杀人网络(港),9.1,951886,"导演: 安迪·沃卓斯基 Andy Wachowski / 拉娜·沃卓斯基 Lana Wachowski   主...
              1999 / 美国 / 动作 科幻",无经典台词,https://movie.douban.com/subject/1291843/,data/images\黑客帝国 22世纪杀人网络_港_    廿二世纪杀人网络_港.jpg,1999,136分钟,tt0133093,安迪·沃卓斯基,动作 科幻,未知主演
55,指环王1：护戒使者 指环王1：魔戒再现    指环王I：护戒使者,9.1,961587,"导演: 彼得·杰克逊 Peter Jackson   主演: 伊利亚·伍德 Elijah Wood / 西恩...
              2001 / 新西兰 美国 英国 / 剧情 动作 奇幻 冒险",无经典台词,https://movie.douban.com/subject/1291571/,data/images\指环王1：护戒使者 指环王1：魔戒再现    指环王I：护戒.jpg,2001,179分钟,tt0120737,彼得·杰克逊,剧情 动作 奇幻 冒险,伊利亚·伍德、西恩
56,罗马假日 金枝玉叶(港)    罗马假期(台),9.1,1049666,"导演: 威廉·惠勒 William Wyler   主演: 奥黛丽·赫本 Audrey Hepburn / 格...
              1953 / 美国 / 喜剧 剧情 爱情",无经典台词,https://movie.douban.com/subject/1293839/,data/images\罗马假日 金枝玉叶_港_    罗马假期_台_.jpg,1953,118分钟,tt0046250,威廉·惠勒,喜剧 剧情 爱情,奥黛丽·赫本、格
57,教父2 教父续集(港)    教父II,9.3,641209,"导演: 弗朗西斯·福特·科波拉 Francis Ford Coppola   主演: 阿尔·帕西诺 A...
              1974 / 美国 / 剧情 犯罪",无经典台词,https://movie.douban.com/subject/1299131/,data/images\教父2 教父续集_港_    教父II.jpg,1974,202分钟,tt0071562,弗朗西斯·福特·科波拉,剧情 犯罪,阿尔·帕西诺
58,狮子王 狮子王3D,9.1,962356,"导演: Roger Allers / 罗伯·明可夫 Rob Minkoff   主演: 乔纳森·泰勒·托马...
              1994 / 美国 / 动画 冒险 歌舞",无经典台词,https://movie.douban.com/subject/1301753/,data/images\狮子王 狮子王3D.jpg,1994,89分钟,tt0110357,罗伯·明可夫,动画 冒险 歌舞,乔纳森·泰勒·托马
59,天堂电影院 星光伴我心(港)    新天堂乐园(台),9.2,742346,"导演: 朱塞佩·托纳多雷 Giuseppe Tornatore   主演: 菲利普·努瓦雷 Philipp...
              1988 / 意大利 法国 / 剧情 爱情",无经典台词,https://movie.douban.com/subject/1291828/,data/images\天堂电影院 星光伴我心_港_    新天堂乐园_台_.jpg,1988,173分钟,tt0095765,朱塞佩·托纳多雷,剧情 爱情,菲利普·努瓦雷
60,饮食男女 Eat Drink Man Woman,9.2,726789,"导演: 李安 Ang Lee   主演: 郎雄 Sihung Lung / 杨贵媚 Kuei-Mei Yang / 吴...
              1994 / 中国台湾 美国 / 剧情 家庭",无经典台词,https://movie.douban.com/subject/1291818/,data/images\饮食男女 Eat Drink Man Woman.jpg,1994,124分钟,tt0111797,李安,剧情 家庭,郎雄、杨贵媚、吴
61,辩护人 逆权大状(港)    正义辩护人(台),9.2,658890,"导演: 杨宇硕 Woo-seok Yang   主演: 宋康昊 Kang-ho Song / 金英爱 Yeong-ae...
              2013 / 韩国 / 剧情",电影的现实意义大过电影本身。,https://movie.douban.com/subject/21937445/,data/images\辩护人 逆权大状_港_    正义辩护人_台_.jpg,2013,127分钟,tt3404140,杨宇硕,剧情,宋康昊、金英爱
62,本杰明·巴顿奇事 奇幻逆缘(港)    班杰明的奇幻旅程(台),9.0,1106779,"导演: 大卫·芬奇 David Fincher   主演: 布拉德·皮特 Brad Pitt / 凯特·布...
              2008 / 美国 / 剧情 爱情 奇幻",在时间之河里感受溺水之苦。,https://movie.douban.com/subject/1485260/,data/images\本杰明·巴顿奇事 奇幻逆缘_港_    班杰明的奇幻旅程_台.jpg,2008,166分钟,tt0421715,大卫·芬奇,剧情 爱情 奇幻,布拉德·皮特、凯特·布
63,搏击俱乐部 搏击会(港)    斗阵俱乐部(台),9.0,977569,"导演: 大卫·芬奇 David Fincher   主演: 爱德华·诺顿 Edward Norton / 布拉...
              1999 / 美国 / 剧情 动作 悬疑 惊悚",无经典台词,https://movie.douban.com/subject/1292000/,data/images\搏击俱乐部 搏击会_港_    斗阵俱乐部_台_.jpg,1999,139分钟,tt0137523,大卫·芬奇,剧情 动作 悬疑 惊悚,爱德华·诺顿、布拉
64,美丽心灵 有你终生美丽(港)    美丽境界(台),9.1,854605,"导演: 朗·霍华德 Ron Howard   主演: 罗素·克劳 Russell Crowe / 艾德·哈...
              2001 / 美国 / 传记 剧情",无经典台词,https://movie.douban.com/subject/1306029/,data/images\美丽心灵 有你终生美丽_港_    美丽境界_台_.jpg,2001,135分钟,tt0268978,朗·霍华德,传记 剧情,罗素·克劳、艾德·哈
65,穿条纹睡衣的男孩 穿条纹衣服的男孩    穿条纹衣的男孩,9.2,642880,"导演: 马克·赫尔曼 Mark Herman   主演: 阿萨·巴特菲尔德 Asa Butterfield ...
              2008 / 英国 美国 / 剧情 战争",尽管有些不切实际的幻想，这部电影依旧是一部感人肺腑的佳作。,https://movie.douban.com/subject/3008247/,data/images\穿条纹睡衣的男孩 穿条纹衣服的男孩    穿条纹衣的男孩.jpg,2008,94分钟,tt0914798,马克·赫尔曼,剧情 战争,阿萨·巴特菲尔德
66,哈利·波特与死亡圣器(下) 哈利波特7：死神的圣物2(港  台),9.0,972613,"导演: 大卫·叶茨 David Yates   主演: 丹尼尔·雷德克里夫 Daniel Radcliffe...
              2011 / 美国 英国 / 奇幻 冒险",10年的完美句点。,https://movie.douban.com/subject/3011235/,data/images\哈利·波特与死亡圣器_下_ 哈利波特7：死神的圣物2_港.jpg,2011,130分钟,tt1201607,大卫·叶茨,奇幻 冒险,丹尼尔·雷德克里夫
67,情书 When I Close My Eyes    Letters of Love,8.9,1328271,"导演: 岩井俊二 Shunji Iwai   主演: 中山美穗 Miho Nakayama / 丰川悦司 Ets...
              1995 / 日本 / 剧情 爱情",无经典台词,https://movie.douban.com/subject/1292220/,data/images\情书 When I Close My Eyes    Let.jpg,1995,117分钟,tt0113703,岩井俊二,剧情 爱情,中山美穗、丰川悦司
68,两杆大烟枪 够姜四小强(港)    两根枪管(台),9.1,679213,"导演: 盖·里奇 Guy Ritchie   主演: 杰森·弗莱明 Jason Flemyng / 德克斯特...
              1998 / 英国 / 剧情 喜剧 犯罪",无经典台词,https://movie.douban.com/subject/1293350/,data/images\两杆大烟枪 够姜四小强_港_    两根枪管_台_.jpg,1998,107分钟,tt0120735,盖·里奇,剧情 喜剧 犯罪,杰森·弗莱明、德克斯特
69,窃听风暴 窃听者(港)    他人的生活,9.2,633090,"导演: 弗洛里安·亨克尔·冯·多纳斯马尔克 Florian Henckel von Donnersmarck  &n...
              2006 / 德国 / 剧情 悬疑",别样人生。,https://movie.douban.com/subject/1900841/,data/images\窃听风暴 窃听者_港_    他人的生活.jpg,2006,137分钟,tt0405094,弗洛里安·亨克尔·冯·多纳斯马尔克,剧情 悬疑,未知主演
70,功夫 功夫3D    Kung Fu Hustle,8.9,1339200,"导演: 周星驰 Stephen Chow   主演: 周星驰 Stephen Chow / 元秋 Qiu Yuen / ...
              2004 / 中国大陆 中国香港 / 动作 喜剧 犯罪 奇幻",警恶惩奸，维护世界和平这个任务就交给你了，好吗？,https://movie.douban.com/subject/1291543/,data/images\功夫 功夫3D    Kung Fu Hustle.jpg,2004,100分钟,tt0373074,周星驰,动作 喜剧 犯罪 奇幻,周星驰、元秋
71,音乐之声 仙乐飘飘处处闻(港)    真善美(台),9.1,685478,"导演: 罗伯特·怀斯 Robert Wise   主演: 朱莉·安德鲁斯 Julie Andrews / 克...
              1965 / 美国 / 剧情 传记 爱情 歌舞",无经典台词,https://movie.douban.com/subject/1294408/,data/images\音乐之声 仙乐飘飘处处闻_港_    真善美_台_.jpg,1965,174分钟,tt0059742,罗伯特·怀斯,剧情 传记 爱情 歌舞,朱莉·安德鲁斯、克
72,哈利·波特与阿兹卡班的囚徒 哈利波特3：阿兹卡班的逃犯(港  台),9.0,893180,"导演: 阿方索·卡隆 Alfonso Cuarón   主演: 丹尼尔·雷德克里夫 Daniel Rad...
              2004 / 英国 美国 / 奇幻 冒险",不一样的导演，不一样的哈利·波特。,https://movie.douban.com/subject/1291544/,data/images\哈利·波特与阿兹卡班的囚徒 哈利波特3：阿兹卡班的逃犯_港.jpg,2004,141分钟,tt0304141,阿方索·卡隆,奇幻 冒险,丹尼尔·雷德克里夫
73,阿凡达,8.8,1588624,"导演: 詹姆斯·卡梅隆 James Cameron   主演: 萨姆·沃辛顿 Sam Worthington ...
              2009 / 美国 / 动作 科幻 冒险",绝对意义上的美轮美奂。,https://movie.douban.com/subject/1652587/,data/images\阿凡达.jpg,2009,162分钟,tt0499549,詹姆斯·卡梅隆,动作 科幻 冒险,萨姆·沃辛顿
74,西西里的美丽传说 真爱伴我行(台)    玛莲娜,8.9,1095131,"导演: 朱塞佩·托纳多雷 Giuseppe Tornatore   主演: 莫妮卡·贝鲁奇 Monica ...
              2000 / 意大利 美国 / 剧情 战争 情色",无经典台词,https://movie.douban.com/subject/1292402/,data/images\西西里的美丽传说 真爱伴我行_台_    玛莲娜.jpg,2000,108分钟,tt0213847,朱塞佩·托纳多雷,剧情 战争 情色,莫妮卡·贝鲁奇
75,看不见的客人 死无对证(港)    布局(台),8.8,1443682,"导演: 奥里奥尔·保罗 Oriol Paulo   主演: 马里奥·卡萨斯 Mario Casas / 阿...
              2016 / 西班牙 / 剧情 犯罪 悬疑 惊悚",你以为你以为的就是你以为的。,https://movie.douban.com/subject/26580232/,data/images\看不见的客人 死无对证_港_    布局_台_.jpg,2016,106分钟,tt4857264,奥里奥尔·保罗,剧情 犯罪 悬疑 惊悚,马里奥·卡萨斯、阿
76,拯救大兵瑞恩 雷霆救兵(港)    抢救雷恩大兵(台),9.1,726459,"导演: 史蒂文·斯皮尔伯格 Steven Spielberg   主演: 汤姆·汉克斯 Tom Hanks...
              1998 / 美国 / 剧情 战争",无经典台词,https://movie.douban.com/subject/1292849/,data/images\拯救大兵瑞恩 雷霆救兵_港_    抢救雷恩大兵_台_.jpg,1998,169分钟,tt0120815,史蒂文·斯皮尔伯格,剧情 战争,汤姆·汉克斯
77,沉默的羔羊 沉默的羔羊,8.9,1018413,"导演: 乔纳森·戴米 Jonathan Demme   主演: 朱迪·福斯特 Jodie Foster / 安...
              1991 / 美国 / 剧情 犯罪 惊悚",无经典台词,https://movie.douban.com/subject/1293544/,data/images\沉默的羔羊 沉默的羔羊.jpg,1991,118分钟,tt0102926,乔纳森·戴米,剧情 犯罪 惊悚,朱迪·福斯特、安
78,小鞋子 天堂的孩子    小童鞋,9.2,467395,"导演: 马基德·马基迪 Majid Majidi   主演: 默罕默德·阿米尔·纳吉 Mohamma...
              1997 / 伊朗 / 剧情 儿童 家庭",无经典台词,https://movie.douban.com/subject/1303021/,data/images\小鞋子 天堂的孩子    小童鞋.jpg,1997,89分钟,tt0118849,马基德·马基迪,剧情 儿童 家庭,默罕默德·阿米尔·纳吉
79,布达佩斯大饭店 布达佩斯大酒店(港)    欢迎来到布达佩斯大饭店(台),8.9,1087913,"导演: 韦斯·安德森 Wes Anderson   主演: 拉尔夫·费因斯 Ralph Fiennes / ...
              2014 / 美国 德国 英国 / 剧情 喜剧 冒险",小清新的故事里注入了大历史的情怀。,https://movie.douban.com/subject/11525673/,data/images\布达佩斯大饭店 布达佩斯大酒店_港_    欢迎来到布达佩斯.jpg,2014,99分钟,tt2278388,韦斯·安德森,剧情 喜剧 冒险,拉尔夫·费因斯
80,蝴蝶效应 蝴蝶效应,8.9,1070561,"导演: 埃里克·布雷斯 Eric Bress / J·麦基·格鲁伯 J. Mackye Gruber   主...
              2004 / 美国 加拿大 / 剧情 悬疑 科幻 惊悚",人的命运被自己瞬间的抉择改变。,https://movie.douban.com/subject/1292343/,data/images\蝴蝶效应 蝴蝶效应.jpg,2004,113分钟,tt0289879,埃里克·布雷斯,剧情 悬疑 科幻 惊悚,未知主演
81,飞越疯人院 飞越杜鹃窝(台)    飞越喜鹊巢,9.1,605456,"导演: 米洛斯·福尔曼 Miloš Forman   主演: 杰克·尼科尔森 Jack Nichols...
              1975 / 美国 / 剧情",无经典台词,https://movie.douban.com/subject/1292224/,data/images\飞越疯人院 飞越杜鹃窝_台_    飞越喜鹊巢.jpg,1975,133分钟,tt0073486,米洛斯·福尔曼,剧情,杰克·尼科尔森
82,还有明天 明天还有梦(港)    我们还有明天(台),9.3,374719,"导演: 宝拉·柯特莱西 Paola Cortellesi   主演: 宝拉·柯特莱西 Paola Corte...
              2023 / 意大利 / 剧情 喜剧 历史",无经典台词,https://movie.douban.com/subject/36445098/,data/images\还有明天 明天还有梦_港_    我们还有明天_台_.jpg,2023,118分钟,tt21800162,宝拉·柯特莱西,剧情 喜剧 历史,宝拉·柯特莱西
83,禁闭岛 不赦岛(港)    隔离岛(台),8.9,1116526,"导演: Martin Scorsese   主演: 莱昂纳多·迪卡普里奥 Leonardo DiCaprio / ...
              2010 / 美国 / 剧情 悬疑 惊悚",昔日翩翩少年，今日大腹便便。,https://movie.douban.com/subject/2334904/,data/images\禁闭岛 不赦岛_港_    隔离岛_台_.jpg,2010,138分钟,tt1130884,Martin,剧情 悬疑 惊悚,莱昂纳多·迪卡普里奥
84,心灵捕手 骄阳似我(港)    心灵捕手,9.0,817106,"导演: 格斯·范·桑特 Gus Van Sant   主演: 马特·达蒙 Matt Damon / 罗宾·...
              1997 / 美国 / 剧情",无经典台词,https://movie.douban.com/subject/1292656/,data/images\心灵捕手 骄阳似我_港_    心灵捕手.jpg,1997,126分钟,tt0119217,格斯·范·桑特,剧情,马特·达蒙、罗宾·
85,致命魔术 死亡魔法(港)    顶尖对决(台),8.9,966272,"导演: 克里斯托弗·诺兰 Christopher Nolan   主演: 休·杰克曼 Hugh Jackman...
              2006 / 英国 美国 / 剧情 悬疑 惊悚",孪生蝙蝠侠大战克隆金刚狼。,https://movie.douban.com/subject/1780330/,data/images\致命魔术 死亡魔法_港_    顶尖对决_台_.jpg,2006,130分钟,tt0482571,克里斯托弗·诺兰,剧情 悬疑 惊悚,休·杰克曼
86,低俗小说 危险人物(港)    黑色追缉令(台),8.9,962123,"导演: 昆汀·塔伦蒂诺 Quentin Tarantino   主演: 约翰·特拉沃尔塔 John Tra...
              1994 / 美国 / 剧情 喜剧 犯罪",无经典台词,https://movie.douban.com/subject/1291832/,data/images\低俗小说 危险人物_港_    黑色追缉令_台_.jpg,1994,154分钟,tt0110912,昆汀·塔伦蒂诺,剧情 喜剧 犯罪,约翰·特拉沃尔塔
87,哈利·波特与密室 哈利波特2：消失的密室(港  台),8.9,919617,"导演: Chris Columbus   主演: 丹尼尔·雷德克里夫 Daniel Radcliffe / 艾玛...
              2002 / 英国 美国 / 奇幻 冒险",无经典台词,https://movie.douban.com/subject/1296996/,data/images\哈利·波特与密室 哈利波特2：消失的密室_港  台_.jpg,2002,161分钟,tt0295297,Chris,奇幻 冒险,丹尼尔·雷德克里夫、艾玛
88,超脱 人间师格(台),9.0,725471,"导演: 托尼·凯耶 Tony Kaye   主演: 艾德里安·布洛迪 Adrien Brody / 马西...
              2011 / 美国 / 剧情",穷尽一生，我们要学会的，不过是彼此拥抱。,https://movie.douban.com/subject/5322596/,data/images\超脱 人间师格_台_.jpg,2011,98分钟,tt1683526,托尼·凯耶,剧情,艾德里安·布洛迪、马西
89,一一 Yi yi    Yi yi: A One and a Two,9.1,513132,"导演: 杨德昌 Edward Yang   主演: 吴念真 / 李凯莉 Kelly Lee / 金燕玲 Elai...
              2000 / 中国台湾 日本 / 剧情 爱情 家庭",无经典台词,https://movie.douban.com/subject/1292434/,data/images\一一 Yi yi    Yi yi_ A One and a.jpg,2000,173分钟,tt0244316,杨德昌,剧情 爱情 家庭,吴念真、李凯莉、金燕玲
90,喜剧之王 King of Comedy,8.8,1098514,"导演: 周星驰 Stephen Chow / 李力持 Lik-Chi Lee   主演: 周星驰 Stephen Ch...
              1999 / 中国香港 / 喜剧 剧情 爱情",无经典台词,https://movie.douban.com/subject/1302425/,data/images\喜剧之王 King of Comedy.jpg,1999,89分钟,tt0188766,周星驰,喜剧 剧情 爱情,周星驰
91,杀人回忆 谋杀回忆    杀手回忆录,8.9,840150,"导演: 奉俊昊 Joon-ho Bong   主演: 宋康昊 Kang-ho Song / 金相庆 Sang-kyun...
              2003 / 韩国 / 剧情 动作 犯罪 悬疑 惊悚",无经典台词,https://movie.douban.com/subject/1300299/,data/images\杀人回忆 谋杀回忆    杀手回忆录.jpg,2003,132分钟,tt0353969,奉俊昊,剧情 动作 犯罪 悬疑 惊悚,宋康昊、金相庆
92,致命ID 杀人游戏    致命身份,8.9,952647,"导演: 詹姆斯·曼高德 James Mangold   主演: 约翰·库萨克 John Cusack / 雷...
              2003 / 美国 / 剧情 悬疑 惊悚",无经典台词,https://movie.douban.com/subject/1297192/,data/images\致命ID 杀人游戏    致命身份.jpg,2003,90分钟,tt0309698,詹姆斯·曼高德,剧情 悬疑 惊悚,约翰·库萨克、雷
93,摩登时代 The Masses    Les Temps modernes,9.3,348196,"导演: 查理·卓别林 Charles Chaplin   主演: 查理·卓别林 Charles Chaplin ...
              1936 / 美国 / 剧情 喜剧 爱情",无经典台词,https://movie.douban.com/subject/1294371/,data/images\摩登时代 The Masses    Les Temps m.jpg,1936,87分钟,tt0027977,查理·卓别林,剧情 喜剧 爱情,查理·卓别林
94,春光乍泄 一起快乐    Happy Together,9.0,711302,"导演: 王家卫 Kar Wai Wong   主演: 张国荣 Leslie Cheung / 梁朝伟 Tony Leu...
              1997 / 中国香港 日本 韩国 / 剧情 爱情 同性",无经典台词,https://movie.douban.com/subject/1292679/,data/images\春光乍泄 一起快乐    Happy Together.jpg,1997,96分钟,tt0118845,王家卫,剧情 爱情 同性,张国荣、梁朝伟
95,加勒比海盗 加勒比海盗1：黑珍珠号的诅咒    神鬼奇航：鬼盗船魔咒(台),8.8,971639,"导演: 戈尔·维宾斯基 Gore Verbinski   主演: 约翰尼·德普 Johnny Depp / ...
              2003 / 美国 / 动作 冒险 奇幻",无经典台词,https://movie.douban.com/subject/1298070/,data/images\加勒比海盗 加勒比海盗1：黑珍珠号的诅咒    神鬼奇航：鬼.jpg,2003,143分钟,tt0325980,戈尔·维宾斯基,动作 冒险 奇幻,约翰尼·德普
96,海豚湾 血色海湾(台)    海湾,9.3,383067,"导演: 路易·西霍尤斯 Louie Psihoyos   主演: 路易·西霍尤斯 Louie Psihoyo...
              2009 / 美国 / 纪录片",海豚的微笑，是世界上最高明的伪装。,https://movie.douban.com/subject/3442220/,data/images\海豚湾 血色海湾_台_    海湾.jpg,2009,92分钟,tt1313104,路易·西霍尤斯,纪录片,路易·西霍尤斯
97,美国往事 四海兄弟(台)    义薄云天(港),9.1,473439,"导演: 赛尔乔·莱翁内 Sergio Leone   主演: 罗伯特·德尼罗 Robert De Niro ...
              1984 / 美国 意大利 / 犯罪 剧情",无经典台词,https://movie.douban.com/subject/1292262/,data/images\美国往事 四海兄弟_台_    义薄云天_港_.jpg,1984,229分钟,tt0087843,赛尔乔·莱翁内,犯罪 剧情,罗伯特·德尼罗
98,红辣椒 盗梦侦探(港  台),9.0,572687,"导演: 今敏 Satoshi Kon   主演: 林原惠美 Megumi Hayashibara / 江守彻 Toru...
              2006 / 日本 / 动画 悬疑 科幻 惊悚",梦的勾结。,https://movie.douban.com/subject/1865703/,data/images\红辣椒 盗梦侦探_港  台_.jpg,2006,90分钟,tt0851578,今敏,动画 悬疑 科幻 惊悚,林原惠美、江守彻
99,七宗罪 火线追缉令(台)    7宗罪,8.8,1065500,"导演: 大卫·芬奇 David Fincher   主演: 摩根·弗里曼 Morgan Freeman / 布...
              1995 / 美国 / 剧情 犯罪 悬疑 惊悚",无经典台词,https://movie.douban.com/subject/1292223/,data/images\七宗罪 火线追缉令_台_    7宗罪.jpg,1995,127分钟,tt0114369,大卫·芬奇,剧情 犯罪 悬疑 惊悚,摩根·弗里曼、布
100,唐伯虎点秋香 Flirting Scholar,8.8,1228260,"导演: 李力持 Lik-Chi Lee   主演: 周星驰 Stephen Chow / 巩俐 Li Gong / 陈...
              1993 / 中国香港 / 喜剧 爱情 古装",无经典台词,https://movie.douban.com/subject/1306249/,data/images\唐伯虎点秋香 Flirting Scholar.jpg,1993,102分钟,tt0108289,李力持,喜剧 爱情 古装,周星驰、巩俐、陈
101,狩猎 诬网(港)    谎言的烙印(台),9.1,472707,"导演: 托马斯·温特伯格 Thomas Vinterberg   主演: 麦斯·米科尔森 Mads Mik...
              2012 / 丹麦 瑞典 / 剧情",人言可畏。,https://movie.douban.com/subject/6985810/,data/images\狩猎 诬网_港_    谎言的烙印_台_.jpg,2012,115分钟,tt2106476,托马斯·温特伯格,剧情,麦斯·米科尔森
102,幽灵公主 魔法公主    幽灵少女,8.9,672159,"导演: 宫崎骏 Hayao Miyazaki   主演: 松田洋治 Yôji Matsuda / 石田百合...
              1997 / 日本 / 动画 奇幻 冒险",无经典台词,https://movie.douban.com/subject/1297359/,data/images\幽灵公主 魔法公主    幽灵少女.jpg,1997,134分钟,tt0119698,宫崎骏,动画 奇幻 冒险,松田洋治、石田百合
103,甜蜜蜜 Comrades: Almost a Love Story,8.9,676597,"导演: 陈可辛 Peter Chan   主演: 黎明 Leon Lai / 张曼玉 Maggie Cheung / ...
              1996 / 中国香港 / 剧情 爱情",无经典台词,https://movie.douban.com/subject/1305164/,data/images\甜蜜蜜 Comrades_ Almost a Love St.jpg,1996,118分钟,tt0117905,陈可辛,剧情 爱情,黎明、张曼玉
104,寄生虫 寄生上流(台)    上流寄生族(港),8.8,1552917,"导演: 奉俊昊 Joon-ho Bong   主演: 宋康昊 Kang-ho Song / 李善均 Seon-gyun...
              2019 / 韩国 / 剧情",无经典台词,https://movie.douban.com/subject/27010768/,data/images\寄生虫 寄生上流_台_    上流寄生族_港_.jpg,2019,132分钟,tt6751668,奉俊昊,剧情,宋康昊、李善均
105,天书奇谭 天书奇谭4K纪念版    The Legend of Sealed Book,9.2,337146,"导演: 王树忱 Shuchen Wang / 钱运达 Yunda Qian   主演: 丁建华 Jianhua Din...
              1983(中国大陆) / 2021 / 中国大陆 / 动画 奇幻",无经典台词,https://movie.douban.com/subject/1428581/,data/images\天书奇谭 天书奇谭4K纪念版    The Legend o.jpg,1983,89分钟,tt6035092,王树忱,动画 奇幻,丁建华
106,蝙蝠侠：黑暗骑士崛起 蝙蝠侠前传3：黑暗骑士崛起    黑暗骑士：黎明升起(台),8.9,816956,"导演: 克里斯托弗·诺兰 Christopher Nolan   主演: 克里斯蒂安·贝尔 Christ...
              2012 / 美国 英国 / 剧情 动作 科幻 犯罪 惊悚",诺兰就是保证。,https://movie.douban.com/subject/3395373/,data/images\蝙蝠侠：黑暗骑士崛起 蝙蝠侠前传3：黑暗骑士崛起    黑暗.jpg,2012,165分钟,tt1345836,克里斯托弗·诺兰,剧情 动作 科幻 犯罪 惊悚,克里斯蒂安·贝尔
107,超能陆战队 大英雄联盟(港)    大英雄天团(台),8.8,1149418,"导演: 唐·霍尔 Don Hall / 克里斯·威廉姆斯 Chris Williams   主演: 斯科特...
              2014 / 美国 / 喜剧 动作 科幻 动画 冒险",Balalala~~~,https://movie.douban.com/subject/11026735/,data/images\超能陆战队 大英雄联盟_港_    大英雄天团_台_.jpg,2014,102分钟,tt2245084,唐·霍尔,喜剧 动作 科幻 动画 冒险,斯科特
108,7号房的礼物 戆爸的礼物(港)    7号囚房的礼物,8.9,624126,"导演: 李焕庆 Hwan-kyeong Lee   主演: 柳承龙 Seung-yong Ryoo / 朴信惠 Shi...
              2013 / 韩国 / 剧情 喜剧 家庭",《我是山姆》的《美丽人生》。,https://movie.douban.com/subject/10777687/,data/images\7号房的礼物 戆爸的礼物_港_    7号囚房的礼物.jpg,2013,127分钟,tt2659414,李焕庆,剧情 喜剧 家庭,柳承龙、朴信惠
109,茶馆 The Teahouse,9.5,210953,"导演: 谢添 Tian Xie   主演: 于是之 Shizhi Yu / 郑榕 Rong Zhen / 蓝天野 T...
              1982(中国大陆) / 中国大陆 / 剧情 历史",无经典台词,https://movie.douban.com/subject/1461403/,data/images\茶馆 The Teahouse.jpg,1982,118分钟,tt1395030,谢添,剧情 历史,于是之、郑榕、蓝天野
110,第六感 鬼眼(港)    灵异第六感(台),8.9,641343,"导演: M·奈特·沙马兰 M. Night Shyamalan   主演: 布鲁斯·威利斯 Bruce Wi...
              1999 / 美国 / 剧情 悬疑 惊悚",无经典台词,https://movie.douban.com/subject/1297630/,data/images\第六感 鬼眼_港_    灵异第六感_台_.jpg,1999,107分钟,tt0167404,·奈特·沙马兰,剧情 悬疑 惊悚,布鲁斯·威利斯
111,爱在黎明破晓前 情留半天(港)    爱在黎明破晓时(台),8.8,805375,"导演: 理查德·林克莱特 Richard Linklater   主演: 伊桑·霍克 Ethan Hawke ...
              1995 / 美国 奥地利 瑞士 / 剧情 爱情",无经典台词,https://movie.douban.com/subject/1296339/,data/images\爱在黎明破晓前 情留半天_港_    爱在黎明破晓时_台_.jpg,1995,101分钟,tt0112471,理查德·林克莱特,剧情 爱情,伊桑·霍克
112,爱在日落黄昏时 日落巴黎(港)    爱在日落巴黎时(台),8.9,657368,"导演: 理查德·林克莱特 Richard Linklater   主演: 伊桑·霍克 Ethan Hawke ...
              2004 / 美国 法国 / 剧情 爱情",九年后的重逢是世俗和责任的交叠，没了悸动和青涩，沧桑而温暖。,https://movie.douban.com/subject/1291990/,data/images\爱在日落黄昏时 日落巴黎_港_    爱在日落巴黎时_台_.jpg,2004,80分钟,tt0381681,理查德·林克莱特,剧情 爱情,伊桑·霍克
113,被嫌弃的松子的一生 花样奇缘(港)    令人讨厌的松子的一生(台),8.8,777365,"导演: 中岛哲也 Tetsuya Nakashima   主演: 中谷美纪 Miki Nakatani / 瑛太 E...
              2006 / 日本 / 剧情 歌舞",以戏谑来戏谑戏谑。,https://movie.douban.com/subject/1787291/,data/images\被嫌弃的松子的一生 花样奇缘_港_    令人讨厌的松子的一.jpg,2006,130分钟,tt0768120,中岛哲也,剧情 歌舞,中谷美纪、瑛太
114,头脑特工队 玩转脑朋友(港)    脑筋急转弯(台),8.8,810856,"导演: 彼特·道格特 Pete Docter / 罗纳尔多·德尔·卡门 Ronaldo Del Carmen  &nb...
              2015 / 美国 / 喜剧 动画 冒险",愿我们都不用长大，每一座城堡都能永远存在。,https://movie.douban.com/subject/10533913/,data/images\头脑特工队 玩转脑朋友_港_    脑筋急转弯_台_.jpg,2015,95分钟,tt2096673,彼特·道格特,喜剧 动画 冒险,未知主演
115,哈利·波特与火焰杯 哈利波特4：火杯的考验(港  台),8.8,805670,"导演: 迈克·内威尔 Mike Newell   主演: 丹尼尔·雷德克里夫 Daniel Radclif...
              2005 / 英国 美国 / 悬疑 奇幻 冒险",无经典台词,https://movie.douban.com/subject/1309055/,data/images\哈利·波特与火焰杯 哈利波特4：火杯的考验_港  台_.jpg,2005,157分钟,tt0330373,迈克·内威尔,悬疑 奇幻 冒险,丹尼尔·雷德克里夫
116,未麻的部屋 蓝色恐惧(港  台),9.1,427909,"导演: 今敏 Satoshi Kon   主演: 岩男润子 Junko Iwao / 松本梨香 Rica Matsu...
              1997 / 日本 / 剧情 犯罪 动画 悬疑 惊悚",无经典台词,https://movie.douban.com/subject/1395091/,data/images\未麻的部屋 蓝色恐惧_港  台_.jpg,1997,81分钟,tt0156887,今敏,剧情 犯罪 动画 悬疑 惊悚,岩男润子、松本梨香
117,重庆森林 Chungking Express,8.8,926390,"导演: 王家卫 Kar Wai Wong   主演: 林青霞 Brigitte Lin / 金城武 Takeshi K...
              1994 / 中国香港 / 剧情 爱情",无经典台词,https://movie.douban.com/subject/1291999/,data/images\重庆森林 Chungking Express.jpg,1994,102分钟,tt0109424,王家卫,剧情 爱情,林青霞、金城武
118,借东西的小人阿莉埃蒂 借物少女艾莉缇(台)    借东西的小矮人亚莉亚蒂(港),8.9,630340,"导演: 米林宏昌 Hiromasa Yonebayashi   主演: 志田未来 Mirai Shida / 神木...
              2010 / 日本 / 动画 奇幻 冒险",曾经的那段美好会沉淀为一辈子的记忆。,https://movie.douban.com/subject/4202302/,data/images\借东西的小人阿莉埃蒂 借物少女艾莉缇_台_    借东西的小.jpg,2010,94分钟,tt1568921,米林宏昌,动画 奇幻 冒险,志田未来、神木
119,菊次郎的夏天 菊次郎之夏    Kikujirô no natsu,8.9,676122,"导演: 北野武 Takeshi Kitano   主演: 北野武 Takeshi Kitano / 关口雄介 Yus...
              1999 / 日本 / 剧情 喜剧",无经典台词,https://movie.douban.com/subject/1293359/,data/images\菊次郎的夏天 菊次郎之夏    Kikujirô no na.jpg,1999,121分钟,tt0199683,北野武,剧情 喜剧,北野武、关口雄介
120,入殓师 礼仪师之奏鸣曲(港)    礼仪师(台),8.9,745105,"导演: 泷田洋二郎 Yôjirô Takita   主演: 本木雅弘 Masahiro Motoki / ...
              2008 / 日本 / 剧情",死可能是一道门，逝去并不是终结，而是超越，走向下一程。,https://movie.douban.com/subject/2149806/,data/images\入殓师 礼仪师之奏鸣曲_港_    礼仪师_台_.jpg,2008,130分钟,tt1069238,泷田洋二郎,剧情,本木雅弘
121,断背山 断臂山    BBM,8.8,785676,"导演: 李安 Ang Lee   主演: 希斯·莱杰 Heath Ledger / 杰克·吉伦哈尔 Jake...
              2005 / 美国 加拿大 / 剧情 爱情 同性 家庭",每个人心中都有一座断背山。,https://movie.douban.com/subject/1418834/,data/images\断背山 断臂山    BBM.jpg,2005,134分钟,tt0388795,李安,剧情 爱情 同性 家庭,希斯·莱杰、杰克·吉伦哈尔
122,剪刀手爱德华 幻海奇缘(港)    剪刀手爱德华,8.7,1123796,"导演: 蒂姆·波顿 Tim Burton   主演: 约翰尼·德普 Johnny Depp / 薇诺娜·...
              1990 / 美国 / 剧情 爱情 奇幻",无经典台词,https://movie.douban.com/subject/1292370/,data/images\剪刀手爱德华 幻海奇缘_港_    剪刀手爱德华.jpg,1990,105分钟,tt0099487,蒂姆·波顿,剧情 爱情 奇幻,约翰尼·德普、薇诺娜·
123,勇敢的心 惊世未了缘(港)    梅尔吉勃逊之英雄本色(台),8.9,607315,"导演: 梅尔·吉布森 Mel Gibson   主演: 梅尔·吉布森 Mel Gibson / 苏菲·玛...
              1995 / 美国 / 动作 传记 剧情 历史 战争",无经典台词,https://movie.douban.com/subject/1294639/,data/images\勇敢的心 惊世未了缘_港_    梅尔吉勃逊之英雄本色_台_.jpg,1995,178分钟,tt0112573,梅尔·吉布森,动作 传记 剧情 历史 战争,梅尔·吉布森、苏菲·玛
124,时空恋旅人 回到最爱的一天(港)    真爱每一天(台),8.8,797465,"导演: 理查德·柯蒂斯 Richard Curtis   主演: 多姆纳尔·格里森 Domhnall Gl...
              2013 / 英国 美国 / 喜剧 爱情 奇幻",把每天当作最后一天般珍惜度过，积极拥抱生活，就是幸福。,https://movie.douban.com/subject/10577869/,data/images\时空恋旅人 回到最爱的一天_港_    真爱每一天_台_.jpg,2013,123分钟,tt2194499,理查德·柯蒂斯,喜剧 爱情 奇幻,多姆纳尔·格里森
125,驯龙高手 驯龙记(港),8.8,869745,"导演: 迪恩·德布洛斯 Dean DeBlois / 克里斯·桑德斯 Chris Sanders   主演:...
              2010 / 美国 / 动画 奇幻 冒险",和谐的生活离不开摸头与被摸头。,https://movie.douban.com/subject/2353023/,data/images\驯龙高手 驯龙记_港_.jpg,2010,98分钟,tt0892769,迪恩·德布洛斯,动画 奇幻 冒险,...
126,傲慢与偏见 傲慢与偏见2005    Pride And Prejudice,8.7,942854,"导演: 乔·怀特 Joe Wright   主演: 凯拉·奈特莉 Keira Knightley / 马修·...
              2005 / 法国 英国 美国 / 剧情 爱情",爱是摈弃傲慢与偏见之后的曙光。,https://movie.douban.com/subject/1418200/,data/images\傲慢与偏见 傲慢与偏见2005    Pride And P.jpg,2005,129分钟,tt0414387,乔·怀特,剧情 爱情,凯拉·奈特莉、马修·
127,消失的爱人 失踪的女孩    失踪女孩,8.7,1077724,"导演: 大卫·芬奇 David Fincher   主演: 本·阿弗莱克 Ben Affleck / 罗莎蒙...
              2014 / 美国 / 剧情 犯罪 悬疑 惊悚",年度最佳date movie。,https://movie.douban.com/subject/21318488/,data/images\消失的爱人 失踪的女孩    失踪女孩.jpg,2014,149分钟,tt2267998,大卫·芬奇,剧情 犯罪 悬疑 惊悚,本·阿弗莱克、罗莎蒙
128,无人知晓 谁知赤子心(港)    无人知晓的夏日清晨(台),9.1,374468,"导演: 是枝裕和 Hirokazu Koreeda   主演: 柳乐优弥 Yûya Yagira / 北浦爱...
              2004 / 日本 / 剧情",我的平常生活就是他人的幸福。,https://movie.douban.com/subject/1292337/,data/images\无人知晓 谁知赤子心_港_    无人知晓的夏日清晨_台_.jpg,2004,141分钟,tt0408664,是枝裕和,剧情,柳乐优弥、北浦爱
129,倩女幽魂 倩女幽魂(87版)    倩女幽魂：妖魔道,8.8,838779,"导演: 程小东 Siu-Tung Ching   主演: 张国荣 Leslie Cheung / 王祖贤 Joey W...
              1987 / 中国香港 / 爱情 奇幻 武侠 古装",无经典台词,https://movie.douban.com/subject/1297447/,data/images\倩女幽魂 倩女幽魂_87版_    倩女幽魂：妖魔道.jpg,1987,96分钟,tt0093978,程小东,爱情 奇幻 武侠 古装,张国荣、王祖贤
130,新世界 暗黑新世界(台)    New World,8.9,531023,"导演: 朴勋政 Hoon-jung Park   主演: 李政宰 Jung-Jae Lee / 崔岷植 Min-sik...
              2013 / 韩国 / 剧情 犯罪",要做就做得狠一点，这样才能活下去。,https://movie.douban.com/subject/10437779/,data/images\新世界 暗黑新世界_台_    New World.jpg,2013,135分钟,tt2625030,朴勋政,剧情 犯罪,李政宰、崔岷植
131,花样年华 花样年华导演特别版    花样年华4K修复版,8.8,809891,"导演: 王家卫 Kar Wai Wong   主演: 张曼玉 Maggie Cheung / 梁朝伟 Tony Leu...
              2000 / 中国香港 / 剧情 爱情",无经典台词,https://movie.douban.com/subject/1291557/,data/images\花样年华 花样年华导演特别版    花样年华4K修复版.jpg,2000,103分钟,tt0118694,王家卫,剧情 爱情,张曼玉、梁朝伟
132,玩具总动员3 反斗奇兵3(港)    玩具的故事3,8.9,595775,"导演: 李·昂克里奇 Lee Unkrich   主演: 汤姆·汉克斯 Tom Hanks / 蒂姆·艾...
              2010 / 美国 / 喜剧 动画 奇幻 冒险",跨度十五年的欢乐与泪水。,https://movie.douban.com/subject/1858711/,data/images\玩具总动员3 反斗奇兵3_港_    玩具的故事3.jpg,2010,103分钟,tt0435761,李·昂克里奇,喜剧 动画 奇幻 冒险,汤姆·汉克斯、蒂姆·艾
133,一个叫欧维的男人决定去死 明天别再来敲门(台)    想死冇咁易(港),8.9,572544,"导演: 汉内斯·赫尔姆 Hannes Holm   主演: 罗夫·拉斯加德 Rolf Lassgård...
              2015 / 瑞典 / 剧情",惠及一生的美丽。,https://movie.douban.com/subject/26628357/,data/images\一个叫欧维的男人决定去死 明天别再来敲门_台_    想死冇.jpg,2015,116分钟,tt4080728,汉内斯·赫尔姆,剧情,罗夫·拉斯加德
134,色，戒 色|戒    色·戒,8.7,966701,"导演: 李安 Ang Lee   主演: 梁朝伟 Tony Leung Chiu Wai / 汤唯 Wei Tang / ...
              2007 / 中国台湾 中国大陆 美国 中国香港 / 剧情 爱情 情色",假戏真情，爱欲深海,https://movie.douban.com/subject/1828115/,data/images\色，戒 色_戒    色·戒.jpg,2007,158分钟,tt0808357,李安,剧情 爱情 情色,梁朝伟、汤唯
135,完美的世界 强盗保镳,9.1,361714,"导演: 克林特·伊斯特伍德 Clint Eastwood   主演: 凯文·科斯特纳 Kevin Cos...
              1993 / 美国 / 剧情 犯罪",无经典台词,https://movie.douban.com/subject/1300992/,data/images\完美的世界 强盗保镳.jpg,1993,138分钟,tt0107808,克林特·伊斯特伍德,剧情 犯罪,凯文·科斯特纳
136,怪兽电力公司 怪兽公司(港)    怪物公司,8.8,773968,"导演: 彼特·道格特 Pete Docter / 大卫·斯沃曼 David Silverman   主演: 约...
              2001 / 美国 / 儿童 喜剧 动画 奇幻 冒险",无经典台词,https://movie.douban.com/subject/1291579/,data/images\怪兽电力公司 怪兽公司_港_    怪物公司.jpg,2001,92分钟,tt0198781,彼特·道格特,儿童 喜剧 动画 奇幻 冒险,约
137,阳光灿烂的日子 In the Heat of the Sun,8.8,698539,"导演: 姜文 Wen Jiang   主演: 夏雨 Yu Xia / 宁静 Jing Ning / 陶虹 Hong Tao
              1994 / 中国大陆 中国香港 / 剧情 爱情",无经典台词,https://movie.douban.com/subject/1291875/,data/images\阳光灿烂的日子 In the Heat of the Sun.jpg,1994,134分钟,tt0111786,姜文,剧情 爱情,夏雨、宁静、陶虹
138,教父3 教父第三集    教父 III,9.0,434883,"导演: 弗朗西斯·福特·科波拉 Francis Ford Coppola   主演: 阿尔·帕西诺 A...
              1990 / 美国 / 剧情 犯罪",无经典台词,https://movie.douban.com/subject/1294240/,data/images\教父3 教父第三集    教父 III.jpg,1990,162分钟,tt0099674,弗朗西斯·福特·科波拉,剧情 犯罪,阿尔·帕西诺
139,小森林 夏秋篇 小森食光  夏秋篇(台),9.0,475571,"导演: 森淳一 Junichi Mori   主演: 桥本爱 Ai Hashimoto / 三浦贵大 Takahir...
              2014 / 日本 / 剧情",那些静得只能听见呼吸的日子里，你明白孤独即生活。,https://movie.douban.com/subject/25814705/,data/images\小森林 夏秋篇 小森食光  夏秋篇_台_.jpg,2014,111分钟,tt3474600,森淳一,剧情,桥本爱、三浦贵大
140,天使爱美丽 艾蜜莉的异想世界(台)    天使艾米莉,8.7,1023664,"导演: 让-皮埃尔·热内 Jean-Pierre Jeunet   主演: 奥黛丽·塔图 Audrey Tau...
              2001 / 法国 德国 / 剧情 喜剧 爱情",无经典台词,https://movie.douban.com/subject/1292215/,data/images\天使爱美丽 艾蜜莉的异想世界_台_    天使艾米莉.jpg,2001,122分钟,tt0211915,让,剧情 喜剧 爱情,奥黛丽·塔图
141,侧耳倾听 心之谷(台)    梦幻街少女(港),8.9,522817,"导演: 近藤喜文 Yoshifumi Kondo   主演: 本名阳子 Youko Honna / 小林桂树 K...
              1995 / 日本 / 剧情 爱情 动画",无经典台词,https://movie.douban.com/subject/1297052/,data/images\侧耳倾听 心之谷_台_    梦幻街少女_港_.jpg,1995,111分钟,tt0113824,近藤喜文,剧情 爱情 动画,本名阳子、小林桂树
142,哪吒闹海 Prince Nezha's Triumph Against Dragon King    Nezha Conquers the Dragon King,9.2,310029,"导演: 王树忱 Shuchen Wang / 严定宪 Dingxian Yan   主演: 梁正晖 Zhenghui ...
              1979 / 中国大陆 / 冒险 动画 奇幻",无经典台词,https://movie.douban.com/subject/1307315/,data/images\哪吒闹海 Prince Nezha_s Triumph Ag.jpg,1979,62分钟,tt0354770,王树忱,冒险 动画 奇幻,梁正晖
143,九品芝麻官 九品芝麻官之白面包青天    Hail the Judge,8.8,798530,"导演: 王晶 Jing Wong   主演: 周星驰 Stephen Chow / 吴孟达 Man Tat Ng / ...
              1994 / 中国香港 / 剧情 喜剧 古装",无经典台词,https://movie.douban.com/subject/1297518/,data/images\九品芝麻官 九品芝麻官之白面包青天    Hail the.jpg,1994,108分钟,tt0110201,王晶,剧情 喜剧 古装,周星驰、吴孟达
144,被解救的姜戈 被解放的姜戈    决杀令(台),8.8,696189,"导演: 昆汀·塔伦蒂诺 Quentin Tarantino   主演: 杰米·福克斯 Jamie Foxx /...
              2012 / 美国 / 剧情 动作 西部 冒险",热血沸腾，那个低俗、性感的无耻混蛋又来了。,https://movie.douban.com/subject/6307447/,data/images\被解救的姜戈 被解放的姜戈    决杀令_台_.jpg,2012,163分钟,tt1853728,昆汀·塔伦蒂诺,剧情 动作 西部 冒险,杰米·福克斯
145,请以你的名字呼唤我 以你的名字呼唤我(港  台),8.8,828752,"导演: 卢卡·瓜达尼诺 Luca Guadagnino   主演: 艾米·汉莫 Armie Hammer / ...
              2017 / 意大利 法国 巴西 美国 / 剧情 爱情 同性",沉醉在电影的情感和视听氛围中无法自拔。,https://movie.douban.com/subject/26799731/,data/images\请以你的名字呼唤我 以你的名字呼唤我_港  台_.jpg,2017,132分钟,tt5726616,卢卡·瓜达尼诺,剧情 爱情 同性,艾米·汉莫
146,幸福终点站 机场客运站(港)    航站情缘(台),8.8,645287,"导演: 史蒂文·斯皮尔伯格 Steven Spielberg   主演: 汤姆·汉克斯 Tom Hanks...
              2004 / 美国 / 喜剧 剧情 爱情",有时候幸福需要等一等。,https://movie.douban.com/subject/1292274/,data/images\幸福终点站 机场客运站_港_    航站情缘_台_.jpg,2004,128分钟,tt0362227,史蒂文·斯皮尔伯格,喜剧 剧情 爱情,汤姆·汉克斯
147,釜山行 尸杀列车(港)    尸速列车(台),8.6,1356233,"导演: 延尚昊 Sang-ho Yeon   主演: 孔刘 Yoo Gong / 郑有美 Yu-mi Jung / 马...
              2016 / 韩国 / 动作 惊悚 灾难",揭露人性的丧尸题材力作。,https://movie.douban.com/subject/25986180/,data/images\釜山行 尸杀列车_港_    尸速列车_台_.jpg,2016,118分钟,tt5700672,延尚昊,动作 惊悚 灾难,孔刘、郑有美、马
148,神偷奶爸 卑鄙的我    坏蛋奖门人(港),8.7,1051080,"导演: 皮艾尔·柯芬 Pierre Coffin / 克里斯·雷纳德 Chris Renaud   主演: ...
              2010 / 美国 法国 / 喜剧 动画 冒险",Mr. I Don't Care其实也有Care的时候。,https://movie.douban.com/subject/3287562/,data/images\神偷奶爸 卑鄙的我    坏蛋奖门人_港_.jpg,2010,95分钟,tt1323594,皮艾尔·柯芬,喜剧 动画 冒险,...
149,小森林 冬春篇 小森食光  冬春篇(台),9.0,422521,"导演: 森淳一 Junichi Mori   主演: 桥本爱 Ai Hashimoto / 三浦贵大 Takahir...
              2015 / 日本 / 剧情",尊敬他人，尊敬你生活的这片土地，明白孤独是人生的常态。,https://movie.douban.com/subject/25814707/,data/images\小森林 冬春篇 小森食光  冬春篇_台_.jpg,2015,120分钟,tt3474602,森淳一,剧情,桥本爱、三浦贵大
150,喜宴 The Wedding Banquet,9.0,434613,"导演: 李安 Ang Lee   主演: 赵文瑄 Winston Chao / 归亚蕾 Ya-lei Kuei / 郎...
              1993 / 中国台湾 美国 / 剧情 喜剧 爱情 同性 家庭",无经典台词,https://movie.douban.com/subject/1303037/,data/images\喜宴 The Wedding Banquet.jpg,1993,108分钟,tt0107156,李安,剧情 喜剧 爱情 同性 家庭,赵文瑄、归亚蕾、郎
151,萤火之森 萤火之社    Hotarubi no mori e,8.8,614470,"导演: 大森贵弘 Takahiro Omori   主演: 佐仓绫音 Ayane Sakura / 内山昂辉 K...
              2011 / 日本 / 剧情 爱情 动画 奇幻",触不到的恋人。,https://movie.douban.com/subject/5989818/,data/images\萤火之森 萤火之社    Hotarubi no mori.jpg,2011,45分钟,tt2061702,大森贵弘,剧情 爱情 动画 奇幻,佐仓绫音、内山昂辉
152,告白 自白    母亲,8.8,746949,"导演: 中岛哲也 Tetsuya Nakashima   主演: 松隆子 Takako Matsu / 冈田将生 ...
              2010 / 日本 / 剧情 悬疑",没有一人完全善，也没有一人完全恶。,https://movie.douban.com/subject/4268598/,data/images\告白 自白    母亲.jpg,2010,106分钟,tt1590089,中岛哲也,剧情 悬疑,松隆子、冈田将生
153,七武士 七侠四义(港)    七剑客(港),9.3,237345,"导演: 黑泽明 Akira Kurosawa   主演: 三船敏郎 Toshirô Mifune / 志村乔 ...
              1954 / 日本 / 动作 冒险 剧情",无经典台词,https://movie.douban.com/subject/1295399/,data/images\七武士 七侠四义_港_    七剑客_港_.jpg,1954,207分钟,tt0047478,黑泽明,动作 冒险 剧情,三船敏郎、志村乔
154,玛丽和麦克斯 玛丽和马克思    巧克力情缘(台),9.0,472873,"导演: 亚当·艾略特 Adam Elliot   主演: 托妮·科莱特 Toni Collette / 菲利...
              2009 / 澳大利亚 美国 / 剧情 喜剧 动画",你是我最好的朋友，你是我唯一的朋友 。,https://movie.douban.com/subject/3072124/,data/images\玛丽和麦克斯 玛丽和马克思    巧克力情缘_台_.jpg,2009,90分钟,tt0978762,亚当·艾略特,剧情 喜剧 动画,托妮·科莱特、菲利
155,头号玩家 玩家一号    挑战者1号(港),8.6,1523264,"导演: 史蒂文·斯皮尔伯格 Steven Spielberg   主演: 泰伊·谢里丹 Tye Sheri...
              2018 / 美国 / 动作 科幻 冒险",写给影迷，动漫迷和游戏迷的一封情书。,https://movie.douban.com/subject/4920389/,data/images\头号玩家 玩家一号    挑战者1号_港_.jpg,2018,140分钟,tt1677720,史蒂文·斯皮尔伯格,动作 科幻 冒险,泰伊·谢里丹
156,模仿游戏 解码游戏(港)    模拟游戏,8.8,723086,"导演: 莫滕·泰杜姆 Morten Tyldum   主演: 本尼迪克特·康伯巴奇 Benedict C...
              2014 / 英国 美国 / 剧情 传记 战争 同性",他给机器起名“克里斯托弗”，因为这是他初恋的名字。,https://movie.douban.com/subject/10463953/,data/images\模仿游戏 解码游戏_港_    模拟游戏.jpg,2014,114分钟,tt2084970,莫滕·泰杜姆,剧情 传记 战争 同性,本尼迪克特·康伯巴奇
157,惊魂记 精神病患者    触目惊心(港),9.0,358919,"导演: 阿尔弗雷德·希区柯克 Alfred Hitchcock   主演: 安东尼·博金斯 Antho...
              1960 / 美国 / 悬疑 惊悚 恐怖",无经典台词,https://movie.douban.com/subject/1293181/,data/images\惊魂记 精神病患者    触目惊心_港_.jpg,1960,109分钟,tt0054215,阿尔弗雷德·希区柯克,悬疑 惊悚 恐怖,安东尼·博金斯
158,机器人之梦 再见机器人(台)    汪汪梦里人(港),9.1,445291,"导演: 巴勃罗·贝格尔 Pablo Berger   主演: 伊万·拉班达 Ivan Labanda
              2023 / 西班牙 法国 / 剧情 动画 音乐",无经典台词,https://movie.douban.com/subject/35426925/,data/images\机器人之梦 再见机器人_台_    汪汪梦里人_港_.jpg,2023,102分钟,tt13429870,巴勃罗·贝格尔,剧情 动画 音乐,伊万·拉班达
159,大鱼 大鱼奇缘(港)    大智若鱼(台),8.8,629513,"导演: 蒂姆·波顿 Tim Burton   主演: 伊万·麦克格雷格 Ewan McGregor / 阿...
              2003 / 美国 / 剧情 爱情 奇幻 冒险",无经典台词,https://movie.douban.com/subject/1291545/,data/images\大鱼 大鱼奇缘_港_    大智若鱼_台_.jpg,2003,125分钟,tt0319061,蒂姆·波顿,剧情 爱情 奇幻 冒险,伊万·麦克格雷格、阿
160,心灵奇旅 灵魂奇遇记(港)    灵魂急转弯(台),8.7,1149350,"导演: 彼特·道格特 Pete Docter / 凯普·鲍尔斯 Kemp Powers   主演: 杰米·...
              2020 / 美国 / 动画 奇幻 音乐",无经典台词,https://movie.douban.com/subject/24733428/,data/images\心灵奇旅 灵魂奇遇记_港_    灵魂急转弯_台_.jpg,2020,100分钟,tt2948372,彼特·道格特,动画 奇幻 音乐,杰米·
161,"背靠背，脸对脸 背对背，脸对脸    Back to Back, Face to Face",9.5,181678,"导演: 黄建新 Jianxin Huang / 杨亚洲 Yazhou Yang   主演: 牛振华 Zhenhua N...
              1994 / 中国大陆 中国香港 / 剧情",无经典台词,https://movie.douban.com/subject/1307856/,data/images\背靠背，脸对脸 背对背，脸对脸    Back to Bac.jpg,1994,148分钟,tt0109235,黄建新,剧情,牛振华
162,血战钢锯岭 钢锯岭    钢铁英雄(台),8.7,863019,"导演: 梅尔·吉布森 Mel Gibson   主演: 安德鲁·加菲尔德 Andrew Garfield /...
              2016 / 澳大利亚 美国 / 剧情 传记 历史 战争",优秀的战争片不会美化战场，不会粉饰死亡，不会矮化敌人，不会无视常识，最重要的，不会宣扬战争。,https://movie.douban.com/subject/26325320/,data/images\血战钢锯岭 钢锯岭    钢铁英雄_台_.jpg,2016,139分钟,tt2119532,梅尔·吉布森,剧情 传记 历史 战争,安德鲁·加菲尔德
163,射雕英雄传之东成西就 东成西就    大英雄 (日本),8.7,720828,"导演: 刘镇伟 Jeffrey Lau   主演: 梁朝伟 Tony Leung Chiu Wai / 林青霞 Bri...
              1993 / 中国香港 / 喜剧 奇幻 武侠 古装",无经典台词,https://movie.douban.com/subject/1316510/,data/images\射雕英雄传之东成西就 东成西就    大英雄 _日本_.jpg,1993,113分钟,tt0108074,刘镇伟,喜剧 奇幻 武侠 古装,梁朝伟、林青霞
164,你的名字。 你的名字    君之名,8.5,1600518,"导演: 新海诚 Makoto Shinkai   主演: 神木隆之介 Ryûnosuke Kamiki / 上...
              2016 / 日本 / 剧情 爱情 动画",穿越错位的时空，仰望陨落的星辰，你没留下你的名字，我却无法忘记那句“我爱你”。,https://movie.douban.com/subject/26683290/,data/images\你的名字。 你的名字    君之名.jpg,2016,106分钟,tt5311514,新海诚,剧情 爱情 动画,神木隆之介、上
165,我是山姆 不一样的爸爸(港)    他不笨，他是我爸爸(台),9.0,378604,"导演: 杰茜·尼尔森 Jessie Nelson   主演: Sean Penn / Dakota Fanning / Mi...
              2001 / 美国 / 剧情 家庭",无经典台词,https://movie.douban.com/subject/1306861/,data/images\我是山姆 不一样的爸爸_港_    他不笨，他是我爸爸_台_.jpg,2001,132分钟,tt0277027,杰茜·尼尔森,剧情 家庭,Sean Penn / Dakota Fanning / Mi...
166,阳光姐妹淘 阳光姊妹淘(港)    桑尼,8.8,641073,"导演: 姜炯哲 Hyeong-Cheol Kang   主演: 沈恩京 Eun-kyung Shim / 闵孝琳 Hy...
              2011 / 韩国 / 剧情 喜剧",再多各自牛逼的时光，也比不上一起傻逼的岁月。,https://movie.douban.com/subject/4917726/,data/images\阳光姐妹淘 阳光姊妹淘_港_    桑尼.jpg,2011,124分钟,tt1937339,姜炯哲,剧情 喜剧,沈恩京、闵孝琳
167,末路狂花 塞尔玛与路易丝,9.0,352996,"导演: 雷德利·斯科特 Ridley Scott   主演: 吉娜·戴维斯 Geena Davis / 苏...
              1991 / 美国 英国 法国 / 犯罪 剧情 惊悚",无经典台词,https://movie.douban.com/subject/1291992/,data/images\末路狂花 塞尔玛与路易丝.jpg,1991,130分钟,tt0103074,雷德利·斯科特,犯罪 剧情 惊悚,吉娜·戴维斯、苏
168,恐怖直播 死亡“动”新闻(港)    恐怖攻击直播(台),8.7,731574,"导演: 金秉祐 Byeong-woo Kim   主演: 河正宇 Jung-woo Ha / 李璟荣 Kyeong-y...
              2013 / 韩国 / 剧情 犯罪 悬疑",恐怖分子的“秋菊打官司”。,https://movie.douban.com/subject/21360417/,data/images\恐怖直播 死亡“动”新闻_港_    恐怖攻击直播_台_.jpg,2013,97分钟,tt2990738,金秉祐,剧情 犯罪 悬疑,河正宇、李璟荣
169,黑客帝国3：矩阵革命 22世纪杀人网络3：惊变世纪(港)    骇客任务完结篇：最后战役(台),8.8,499740,"导演: 拉娜·沃卓斯基 Lana Wachowski / 莉莉·沃卓斯基 Lilly Wachowski   ...
              2003 / 美国 / 动作 科幻",无经典台词,https://movie.douban.com/subject/1302467/,data/images\黑客帝国3：矩阵革命 22世纪杀人网络3：惊变世纪_港_.jpg,2003,129分钟,tt0242653,拉娜·沃卓斯基,动作 科幻,未知主演
170,高山下的花环 卫国军魂(港)    Wreaths at the Foot of the Mountain,9.5,161575,"导演: 谢晋 Jin Xie   主演: 吕晓禾 Xiaohe Lü / 唐国强 Guoqiang Tang / 何...
              1984(中国大陆) / 1985 / 中国大陆 / 剧情 战争",无经典台词,https://movie.douban.com/subject/1422283/,data/images\高山下的花环 卫国军魂_港_    Wreaths at t.jpg,1984,146分钟,tt0090340,谢晋,剧情 战争,吕晓禾、唐国强、何
171,小丑 小丑起源电影：罗密欧    Romeo,8.7,1129484,"导演: 托德·菲利普斯 Todd Phillips   主演: 杰昆·菲尼克斯 Joaquin Phoeni...
              2019 / 美国 加拿大 / 剧情 犯罪 惊悚",无经典台词,https://movie.douban.com/subject/27119724/,data/images\小丑 小丑起源电影：罗密欧    Romeo.jpg,2019,122分钟,tt7286456,托德·菲利普斯,剧情 犯罪 惊悚,杰昆·菲尼克斯
172,谍影重重3 叛谍追击3：最后通牒(港)    神鬼认证：最后通牒 (台),8.9,473575,"导演: 保罗·格林格拉斯 Paul Greengrass   主演: 马特·达蒙 Matt Damon / ...
              2007 / 美国 德国 法国 英国 / 动作 悬疑 惊悚",像吃了苏打饼一样干脆的电影。,https://movie.douban.com/subject/1578507/,data/images\谍影重重3 叛谍追击3：最后通牒_港_    神鬼认证：最后.jpg,2007,115分钟,tt0440963,保罗·格林格拉斯,动作 悬疑 惊悚,马特·达蒙
173,三块广告牌 广告牌杀人事件(港)    意外(台),8.7,924260,"导演: 马丁·麦克唐纳 Martin McDonagh   主演: 弗兰西斯·麦克多蒙德 France...
              2017 / 英国 美国 / 剧情 犯罪",怼天怼地，你走后，她与世界为敌。,https://movie.douban.com/subject/26611804/,data/images\三块广告牌 广告牌杀人事件_港_    意外_台_.jpg,2017,115分钟,tt5027774,马丁·麦克唐纳,剧情 犯罪,弗兰西斯·麦克多蒙德
174,电锯惊魂 恐惧斗室(港)    夺魂锯(台),8.7,616633,"导演: 詹姆斯·温 James Wan   主演: 雷·沃纳尔 Leigh Whannell / 加利·艾...
              2004 / 美国 / 悬疑 惊悚 恐怖",真相就在眼前。,https://movie.douban.com/subject/1417598/,data/images\电锯惊魂 恐惧斗室_港_    夺魂锯_台_.jpg,2004,103分钟,tt0387564,詹姆斯·温,悬疑 惊悚 恐怖,雷·沃纳尔、加利·艾
175,无间道2 无间道前传    Infernal Affairs II,8.8,571284,"导演: 刘伟强 Andrew Lau / 麦兆辉 Alan Mak   主演: 陈冠希 Edison Chen / ...
              2003 / 中国香港 / 剧情 犯罪 惊悚",无经典台词,https://movie.douban.com/subject/1307106/,data/images\无间道2 无间道前传    Infernal Affairs.jpg,2003,119分钟,tt0369060,刘伟强,剧情 犯罪 惊悚,陈冠希
176,达拉斯买家俱乐部 续命枭雄(港)    药命俱乐部(台),8.8,508831,"导演: 让-马克·瓦雷 Jean-Marc Vallée   主演: 马修·麦康纳 Matthew McCon...
              2013 / 美国 / 剧情 传记 同性",Jared Leto的腿比女人还美！,https://movie.douban.com/subject/1793929/,data/images\达拉斯买家俱乐部 续命枭雄_港_    药命俱乐部_台_.jpg,2013,117分钟,tt0790636,让,剧情 传记 同性,马修·麦康纳
177,疯狂原始人 古鲁家族(港  台),8.7,925282,"导演: 科克·德·米科 Kirk De Micco / 克里斯·桑德斯 Chris Sanders   主演...
              2013 / 美国 / 喜剧 动画 冒险",老少皆宜，这就是好莱坞动画的魅力。,https://movie.douban.com/subject/1907966/,data/images\疯狂原始人 古鲁家族_港  台_.jpg,2013,98分钟,tt0481499,科克·德·米科,喜剧 动画 冒险,未知主演
178,绿里奇迹 绿色奇迹(台)    绿色英里,8.9,390770,"导演: 弗兰克·德拉邦特 Frank Darabont   主演: 汤姆·汉克斯 Tom Hanks / ...
              1999 / 美国 / 犯罪 剧情 奇幻 悬疑",无经典台词,https://movie.douban.com/subject/1300374/,data/images\绿里奇迹 绿色奇迹_台_    绿色英里.jpg,1999,189分钟,tt0120689,弗兰克·德拉邦特,犯罪 剧情 奇幻 悬疑,汤姆·汉克斯
179,爱在午夜降临前 情约半生(港)    爱在午夜希腊时(台),8.9,477486,"导演: 理查德·林克莱特 Richard Linklater   主演: 伊桑·霍克 Ethan Hawke ...
              2013 / 美国 希腊 / 剧情 爱情",所谓爱情，就是话唠一路，都不会心生腻烦，彼此嫌弃。,https://movie.douban.com/subject/10808442/,data/images\爱在午夜降临前 情约半生_港_    爱在午夜希腊时_台_.jpg,2013,109分钟,tt2209418,理查德·林克莱特,剧情 爱情,伊桑·霍克
180,疯狂的石头 Crazy Stone,8.6,930605,"导演: 宁浩 Hao Ning   主演: 郭涛 Tao Guo / 刘桦 Hua Liu / 连晋 Teddy Lin
              2006 / 中国大陆 中国香港 / 喜剧 犯罪",中国版《两杆大烟枪》。,https://movie.douban.com/subject/1862151/,data/images\疯狂的石头 Crazy Stone.jpg,2006,106分钟,tt0843270,宁浩,喜剧 犯罪,郭涛、刘桦、连晋
181,雨中曲 万花嬉春(港  台),9.1,270823,"导演: 斯坦利·多南 Stanley Donen / 吉恩·凯利 Gene Kelly   主演: 吉恩·...
              1952 / 美国 / 喜剧 歌舞 爱情",无经典台词,https://movie.douban.com/subject/1293460/,data/images\雨中曲 万花嬉春_港  台_.jpg,1952,103分钟,tt0045152,斯坦利·多南,喜剧 歌舞 爱情,吉恩·
182,2001太空漫游 2001：星际漫游    2001：太空奥德赛,8.9,399806,"导演: 斯坦利·库布里克 Stanley Kubrick   主演: 凯尔·杜拉 Keir Dullea / ...
              1968 / 英国 美国 / 科幻 惊悚 冒险",无经典台词,https://movie.douban.com/subject/1292226/,data/images\2001太空漫游 2001：星际漫游    2001：太空奥.jpg,1968,149分钟,tt0062622,斯坦利·库布里克,科幻 惊悚 冒险,凯尔·杜拉
183,海街日记 海街女孩日记(港)    Kamakura Diary,8.8,524755,"导演: 是枝裕和 Hirokazu Koreeda   主演: 绫濑遥 Haruka Ayase / 长泽雅美 M...
              2015 / 日本 / 剧情 家庭",是枝裕和的家庭习作。,https://movie.douban.com/subject/25895901/,data/images\海街日记 海街女孩日记_港_    Kamakura Dia.jpg,2015,127分钟,tt3756788,是枝裕和,剧情 家庭,绫濑遥、长泽雅美
184,风之谷 风谷少女    Kaze no tani no Naushika,8.9,395351,"导演: 宫崎骏 Hayao Miyazaki   主演: 岛本须美 Sumi Shimamoto / 松田洋治 Y...
              1984 / 日本 / 动画 奇幻 冒险",无经典台词,https://movie.douban.com/subject/1291585/,data/images\风之谷 风谷少女    Kaze no tani no Na.jpg,1984,117分钟,tt0087544,宫崎骏,动画 奇幻 冒险,岛本须美、松田洋治
185,上帝之城 无主之城(港)    无法无天(台),9.0,335009,"导演: 费尔南多·梅里尔斯 Fernando Meirelles / 卡迪亚·兰德 Kátia Lund  &nbsp...
              2002 / 巴西 法国 / 犯罪 剧情",无经典台词,https://movie.douban.com/subject/1292208/,data/images\上帝之城 无主之城_港_    无法无天_台_.jpg,2002,130分钟,tt0317248,费尔南多·梅里尔斯,犯罪 剧情,未知主演
186,心迷宫 殡棺    The Coffin in the Mountain,8.7,621834,"导演: 忻钰坤 Yukun Xin   主演: 霍卫民 Weimin Huo / 王笑天 Xiaotian Wang ...
              2014 / 中国大陆 / 剧情 犯罪 悬疑",荒诞讽刺，千奇百巧，抽丝剥茧，百转千回。,https://movie.douban.com/subject/25917973/,data/images\心迷宫 殡棺    The Coffin in the Mo.jpg,2014,110分钟,tt4078856,忻钰坤,剧情 犯罪 悬疑,霍卫民、王笑天
187,英雄本色 A Better Tomorrow    Gangland Boss,8.6,609505,"导演: 吴宇森 John Woo   主演: 周润发 Yun-Fat Chow / 狄龙 Lung Ti / 张国...
              1986 / 中国香港 / 剧情 动作 犯罪",无经典台词,https://movie.douban.com/subject/1297574/,data/images\英雄本色 A Better Tomorrow    Gang.jpg,1986,95分钟,tt0092263,吴宇森,剧情 动作 犯罪,周润发、狄龙、张国
188,记忆碎片 凶心人(港)    记忆拼图(台),8.7,673648,"导演: 克里斯托弗·诺兰 Christopher Nolan   主演: 盖·皮尔斯 Guy Pearce /...
              2000 / 美国 / 犯罪 剧情 悬疑 惊悚",无经典台词,https://movie.douban.com/subject/1304447/,data/images\记忆碎片 凶心人_港_    记忆拼图_台_.jpg,2000,113分钟,tt0209144,克里斯托弗·诺兰,犯罪 剧情 悬疑 惊悚,盖·皮尔斯
189,纵横四海 Once a Thief,8.8,486514,"导演: 吴宇森 John Woo   主演: 周润发 Yun-Fat Chow / 张国荣 Leslie Cheung...
              1991 / 中国香港 / 剧情 喜剧 动作 犯罪",无经典台词,https://movie.douban.com/subject/1295409/,data/images\纵横四海 Once a Thief.jpg,1991,109分钟,tt0101020,吴宇森,剧情 喜剧 动作 犯罪,周润发、张国荣
190,无敌破坏王 破坏王拉尔夫    破坏王大冒险,8.7,615234,"导演: 瑞奇·莫尔 Rich Moore   主演: 约翰·C·赖利 John C. Reilly / 萨拉...
              2012 / 美国 / 喜剧 动画 奇幻 冒险",迪士尼和皮克斯拿错剧本的产物。,https://movie.douban.com/subject/6534248/,data/images\无敌破坏王 破坏王拉尔夫    破坏王大冒险.jpg,2012,101分钟,tt1772341,瑞奇·莫尔,喜剧 动画 奇幻 冒险,约翰·、·赖利、萨拉
191,卢旺达饭店 卢安达饭店(台),8.9,369033,"导演: 特瑞·乔治 Terry George   主演: 唐·钱德尔 Don Cheadle / 苏菲·奥...
              2004 / 英国 南非 意大利 美国 / 剧情 传记 历史 战争",当这个世界闭上双眼，他却敞开了怀抱。,https://movie.douban.com/subject/1291822/,data/images\卢旺达饭店 卢安达饭店_台_.jpg,2004,121分钟,tt0395169,特瑞·乔治,剧情 传记 历史 战争,唐·钱德尔、苏菲·奥
192,牯岭街少年杀人事件 A Brighter Summer Day,8.9,372755,"导演: 杨德昌 Edward Yang   主演: 张震 Chen Chang / 杨静怡 Lisa Yang / 张...
              1991 / 中国台湾 / 剧情 犯罪",无经典台词,https://movie.douban.com/subject/1292329/,data/images\牯岭街少年杀人事件 A Brighter Summer Da.jpg,1991,237分钟,tt0101985,杨德昌,剧情 犯罪,张震、杨静怡、张
193,恐怖游轮 汪洋血迷宮(台)    轮回三角,8.5,996942,"导演: 克里斯托弗·史密斯 Christopher Smith   主演: 梅利莎·乔治 Melissa ...
              2009 / 英国 澳大利亚 / 科幻 悬疑 奇幻 惊悚",不要企图在重复中寻找已经失去的爱。,https://movie.douban.com/subject/3011051/,data/images\恐怖游轮 汪洋血迷宮_台_    轮回三角.jpg,2009,99分钟,tt1187064,克里斯托弗·史密斯,科幻 悬疑 奇幻 惊悚,梅利莎·乔治
194,东京教父 Tokyo Godfathers,9.0,293736,"导演: 今敏 Satoshi Kon   主演: 江守彻 Toru Emori / 梅垣义明 Yoshiaki Ume...
              2003 / 日本 / 剧情 喜剧 动画",无经典台词,https://movie.douban.com/subject/1310177/,data/images\东京教父 Tokyo Godfathers.jpg,2003,92分钟,tt0388473,今敏,剧情 喜剧 动画,江守彻、梅垣义明
195,小偷家族 Shoplifters    Une Affaire de Famille,8.7,898949,"导演: 是枝裕和 Hirokazu Koreeda   主演: 中川雅也 Lily Franky / 安藤樱 Sa...
              2018 / 日本 / 剧情 犯罪 家庭",我们组成了家。,https://movie.douban.com/subject/27622447/,data/images\小偷家族 Shoplifters    Une Affair.jpg,2018,117分钟,tt8075192,是枝裕和,剧情 犯罪 家庭,中川雅也、安藤樱
196,魔女宅急便 魔女琪琪(台)    小魔女限时专送,8.7,527834,"导演: 宫崎骏 Hayao Miyazaki   主演: 高山南 Minami Takayama / 佐久间玲 Re...
              1989 / 日本 / 动画 奇幻 冒险",无经典台词,https://movie.douban.com/subject/1307811/,data/images\魔女宅急便 魔女琪琪_台_    小魔女限时专送.jpg,1989,103分钟,tt0097814,宫崎骏,动画 奇幻 冒险,高山南、佐久间玲
197,冰川时代 冰河世纪    冰原历险记,8.7,689042,"导演: 卡洛斯·沙尔丹哈 Carlos Saldanha / 克里斯·韦奇 Chris Wedge   主演...
              2002 / 美国 / 喜剧 动画 冒险",无经典台词,https://movie.douban.com/subject/1291578/,data/images\冰川时代 冰河世纪    冰原历险记.jpg,2002,81分钟,tt0268380,卡洛斯·沙尔丹哈,喜剧 动画 冒险,未知主演
198,芙蓉镇 Hibiscus Town,9.3,192046,"导演: 谢晋 Jin Xie   主演: 刘晓庆 Xiaoqing Liu / 姜文 Wen Jiang / 郑在石...
              1987 / 中国大陆 / 剧情 爱情",无经典台词,https://movie.douban.com/subject/1297880/,data/images\芙蓉镇 Hibiscus Town.jpg,1987,164分钟,tt0087301,谢晋,剧情 爱情,刘晓庆、姜文、郑在石
199,忠犬八公物语 八千公物语    阿八的故事,9.2,219919,"导演: 神山征二郎 Seijirô Kôyama   主演: 仲代达矢 Tatsuya Nakadai /...
              1987 / 日本 / 剧情",无经典台词,https://movie.douban.com/subject/1959195/,data/images\忠犬八公物语 八千公物语    阿八的故事.jpg,1987,107分钟,tt0093132,神山征二郎,剧情,仲代达矢
200,岁月神偷 1969太空漫游    Echoes Of The Rainbow,8.7,614511,"导演: 罗启锐 Alex Law   主演: 吴君如 Sandra Ng / 任达华 Simon Yam / 钟绍...
              2010 / 中国香港 中国大陆 / 剧情 家庭",岁月流逝，来日可追。,https://movie.douban.com/subject/3792799/,data/images\岁月神偷 1969太空漫游    Echoes Of The.jpg,2010,117分钟,tt1602572,罗启锐,剧情 家庭,吴君如、任达华、钟绍
201,遗愿清单 玩转身前事(港)    一路玩到挂(台),8.7,542441,"导演: 罗伯·莱纳 Rob Reiner   主演: 杰克·尼科尔森 Jack Nicholson / 摩根...
              2007 / 美国 / 冒险 喜剧 剧情",用剩余不多的时间，去燃烧整个生命。,https://movie.douban.com/subject/1867345/,data/images\遗愿清单 玩转身前事_港_    一路玩到挂_台_.jpg,2007,97分钟,tt0825232,罗伯·莱纳,冒险 喜剧 剧情,杰克·尼科尔森、摩根
202,荒蛮故事 蛮荒故事    生命中最抓狂的小事(台),8.7,521110,"导演: 达米安·斯兹弗隆 Damián Szifron   主演: 达里奥·葛兰帝内提 Darío...
              2014 / 阿根廷 西班牙 / 剧情 喜剧 犯罪",始于荒诞，止于更荒诞。,https://movie.douban.com/subject/24750126/,data/images\荒蛮故事 蛮荒故事    生命中最抓狂的小事_台_.jpg,2014,122分钟,tt3011894,达米安·斯兹弗隆,剧情 喜剧 犯罪,达里奥·葛兰帝内提
203,大佛普拉斯 The Great Buddha+,8.7,558076,"导演: 黄信尧 Hsin-yao Huang   主演: 庄益增 Yizeng Zhuang / 陈竹昇 Chu-sh...
              2017 / 中国台湾 / 剧情 喜剧",人们可以登上月球，却永远无法探索人们内心的宇宙。,https://movie.douban.com/subject/27059130/,data/images\大佛普拉斯 The Great Buddha_.jpg,2017,102分钟,tt7010412,黄信尧,剧情 喜剧,庄益增、陈竹昇
204,源代码 启动原始码(台)    危机解密(港),8.6,931344,"导演: 邓肯·琼斯 Duncan Jones   主演: 杰克·吉伦哈尔 Jake Gyllenhaal / ...
              2011 / 美国 加拿大 / 科幻 悬疑 惊悚",邓肯·琼斯继《月球》之后再度奉献出一部精彩绝伦的科幻佳作。,https://movie.douban.com/subject/3075287/,data/images\源代码 启动原始码_台_    危机解密_港_.jpg,2011,93分钟,tt0945513,邓肯·琼斯,科幻 悬疑 惊悚,杰克·吉伦哈尔
205,花束般的恋爱 她和他的恋爱花期(港)    爱如花束 恋恋不忘,8.6,836279,"导演: 土井裕泰 Nobuhiro Doi   主演: 菅田将晖 Masaki Suda / 有村架纯 Kasu...
              2021 / 日本 / 剧情 爱情",无经典台词,https://movie.douban.com/subject/34874432/,data/images\花束般的恋爱 她和他的恋爱花期_港_    爱如花束 恋恋不.jpg,2021,124分钟,tt11219254,土井裕泰,剧情 爱情,菅田将晖、有村架纯
206,白日梦想家 发梦王大历险(港)    白日梦冒险王(台),8.6,655472,"导演: 本·斯蒂勒 Ben Stiller   主演: 本·斯蒂勒 Ben Stiller / 克里斯汀·...
              2013 / 美国 英国 / 剧情 喜剧 冒险",无经典台词,https://movie.douban.com/subject/2133323/,data/images\白日梦想家 发梦王大历险_港_    白日梦冒险王_台_.jpg,2013,114分钟,tt0359950,本·斯蒂勒,剧情 喜剧 冒险,本·斯蒂勒、克里斯汀·
207,爱乐之城 星声梦里人(港)    乐来越爱你(台),8.4,1128854,"导演: 达米恩·查泽雷 Damien Chazelle   主演: 瑞恩·高斯林 Ryan Gosling /...
              2016 / 美国 / 剧情 爱情 歌舞",无经典台词,https://movie.douban.com/subject/25934014/,data/images\爱乐之城 星声梦里人_港_    乐来越爱你_台_.jpg,2016,128分钟,tt3783958,达米恩·查泽雷,剧情 爱情 歌舞,瑞恩·高斯林
208,疯狂的麦克斯4：狂暴之路 末日先锋：战甲飞车(港)    疯狂麦斯：愤怒道(台),8.7,622049,"导演: 乔治·米勒 George Miller   主演: 汤姆·哈迪 Tom Hardy / 查理兹·塞...
              2015 / 澳大利亚 美国 / 动作 科幻 冒险",“多么美好的一天！”轰轰轰砰咚，啪哒哒哒轰隆隆，磅~,https://movie.douban.com/subject/3592854/,data/images\疯狂的麦克斯4：狂暴之路 末日先锋：战甲飞车_港_    疯.jpg,2015,120分钟,tt1392190,乔治·米勒,动作 科幻 冒险,汤姆·哈迪、查理兹·塞
209,可可西里 Kekexili: Mountain Patrol,8.9,348609,"导演: 陆川 Chuan Lu   主演: 多布杰 Duobujie / 张磊 Lei Zhang / 亓亮 Qi L...
              2004 / 中国大陆 中国香港 / 剧情 犯罪",坚硬的信仰。,https://movie.douban.com/subject/1308857/,data/images\可可西里 Kekexili_ Mountain Patrol.jpg,2004,85分钟,tt0386651,陆川,剧情 犯罪,多布杰、张磊、亓亮
210,你看起来好像很好吃 你看起来很好吃(台)    你看上去好像很好吃,8.9,378012,"导演: 藤森雅也 Masaya Fujimori   主演: 山口胜平 Kappei Yamaguchi / 爱河...
              2010 / 日本 / 剧情 动画 儿童",感情不分食草或者食肉。,https://movie.douban.com/subject/4848115/,data/images\你看起来好像很好吃 你看起来很好吃_台_    你看上去好像.jpg,2010,90分钟,tt1734113,藤森雅也,剧情 动画 儿童,山口胜平、爱河
211,贫民窟的百万富翁 一百万零一夜(港)    贫民百万富翁(台),8.6,809694,"导演: 丹尼·鲍尔 Danny Boyle / 洛芙琳·坦丹 Loveleen Tandan   主演: 戴夫...
              2008 / 英国 / 剧情 爱情",上帝之城+猜火车+阿甘正传+开心辞典=山寨富翁,https://movie.douban.com/subject/2209573/,data/images\贫民窟的百万富翁 一百万零一夜_港_    贫民百万富翁_台.jpg,2008,120分钟,tt1010048,丹尼·鲍尔,剧情 爱情,戴夫
212,波西米亚狂想曲 波希米亚狂想曲：摇滚传说(港)    波希米亚狂想曲(台),8.6,694911,"导演: 布莱恩·辛格 Bryan Singer   主演: 拉米·马雷克 Rami Malek / 本·哈...
              2018 / 英国 美国 / 剧情 传记 同性 音乐",无经典台词,https://movie.douban.com/subject/5300054/,data/images\波西米亚狂想曲 波希米亚狂想曲：摇滚传说_港_    波希米.jpg,2018,135分钟,tt1727824,布莱恩·辛格,剧情 传记 同性 音乐,拉米·马雷克、本·哈
213,城市之光 City Lights: A Comedy Romance in Pantomime    Lichter der Großstadt,9.3,174361,"导演: 查理·卓别林 Charles Chaplin   主演: 查理·卓别林 Charles Chaplin ...
              1931 / 美国 / 喜剧 剧情 爱情",无经典台词,https://movie.douban.com/subject/1293908/,data/images\城市之光 City Lights_ A Comedy Rom.jpg,1931,87分钟,tt0021749,查理·卓别林,喜剧 剧情 爱情,查理·卓别林
214,爆裂鼓手 鼓动真我(港)    进击的鼓手(台),8.6,695662,"导演: 达米恩·查泽雷 Damien Chazelle   主演: 迈尔斯·特勒 Miles Teller /...
              2014 / 美国 / 剧情 音乐",这个世界从不善待努力的人，努力了也不一定会成功，但是知道自己在努力，就是活下去的动力。,https://movie.douban.com/subject/25773932/,data/images\爆裂鼓手 鼓动真我_港_    进击的鼓手_台_.jpg,2014,107分钟,tt2582802,达米恩·查泽雷,剧情 音乐,迈尔斯·特勒
215,青蛇 Green Snake,8.6,604230,"导演: 徐克 Hark Tsui   主演: 张曼玉 Maggie Cheung / 王祖贤 Joey Wang / ...
              1993 / 中国香港 中国大陆 / 剧情 爱情 奇幻 古装",无经典台词,https://movie.douban.com/subject/1303394/,data/images\青蛇 Green Snake.jpg,1993,99分钟,tt0106559,徐克,剧情 爱情 奇幻 古装,张曼玉、王祖贤
216,哈利·波特与死亡圣器(上) 哈利波特7：死神的圣物1(港  台),8.6,700865,"导演: 大卫·叶茨 David Yates   主演: 丹尼尔·雷德克里夫 Daniel Radcliffe...
              2010 / 英国 美国 / 奇幻 冒险",最忠于原著的一部。,https://movie.douban.com/subject/2051007/,data/images\哈利·波特与死亡圣器_上_ 哈利波特7：死神的圣物1_港.jpg,2010,146分钟,tt0926084,大卫·叶茨,奇幻 冒险,丹尼尔·雷德克里夫
217,无耻混蛋 希魔撞正杀人狂(港)    恶棍特工(台),8.7,567083,"导演: 昆汀·塔伦蒂诺 Quentin Tarantino   主演: 布拉德·皮特 Brad Pitt / ...
              2009 / 德国 美国 / 剧情 犯罪",昆汀同学越来越变态了，比北野武还杜琪峰。,https://movie.douban.com/subject/1438652/,data/images\无耻混蛋 希魔撞正杀人狂_港_    恶棍特工_台_.jpg,2009,153分钟,tt0361748,昆汀·塔伦蒂诺,剧情 犯罪,布拉德·皮特
218,东邪西毒 Ashes of Time,8.6,638106,"导演: 王家卫 Kar Wai Wong   主演: 张国荣 Leslie Cheung / 林青霞 Brigitte...
              1994 / 中国香港 中国台湾 / 剧情 动作 爱情 武侠 古装",无经典台词,https://movie.douban.com/subject/1292328/,data/images\东邪西毒 Ashes of Time.jpg,1994,98分钟,tt0109688,王家卫,剧情 动作 爱情 武侠 古装,张国荣、林青霞
219,大红灯笼高高挂 Raise The Red Lantern    Épouses et concubines,8.8,376733,"导演: 张艺谋 Yimou Zhang   主演: 巩俐 Li Gong / 马精武 Jingwu Ma / 何赛...
              1991 / 中国大陆 中国香港 中国台湾 / 剧情",无经典台词,https://movie.douban.com/subject/1293323/,data/images\大红灯笼高高挂 Raise The Red Lantern.jpg,1991,125分钟,tt0101640,张艺谋,剧情,巩俐、马精武、何赛
220,终结者2：审判日 未来战士2(港)    魔鬼终结者2(台),8.8,388633,"导演: 詹姆斯·卡梅隆 James Cameron   主演: 阿诺·施瓦辛格 Arnold Schwarz...
              1991 / 美国 法国 / 动作 科幻",无经典台词,https://movie.douban.com/subject/1291844/,data/images\终结者2：审判日 未来战士2_港_    魔鬼终结者2_台_.jpg,1991,137分钟,tt0103064,詹姆斯·卡梅隆,动作 科幻,阿诺·施瓦辛格
221,黑天鹅 夺命黑天鹅    霸王别鹅(豆友译名),8.6,850653,"导演: 达伦·阿罗诺夫斯基 Darren Aronofsky   主演: 娜塔莉·波特曼 Natalie...
              2010 / 美国 / 剧情 惊悚",黑暗之美。,https://movie.douban.com/subject/1978709/,data/images\黑天鹅 夺命黑天鹅    霸王别鹅_豆友译名_.jpg,2010,108分钟,tt0947798,达伦·阿罗诺夫斯基,剧情 惊悚,娜塔莉·波特曼
222,新龙门客栈 New Dragon Gate Inn,8.7,513398,"导演: 李惠民 Raymond Lee   主演: 张曼玉 Maggie Cheung / 林青霞 Brigitte ...
              1992 / 中国香港 中国大陆 / 动作 爱情 武侠 古装",无经典台词,https://movie.douban.com/subject/1292287/,data/images\新龙门客栈 New Dragon Gate Inn.jpg,1992,103分钟,tt0105859,李惠民,动作 爱情 武侠 古装,张曼玉、林青霞
223,初恋这件小事 初恋那件小事(港)    暗恋那点小事,8.5,1055660,"导演: 普特鹏·普罗萨卡·那·萨克那卡林 Puttipong Promsaka Na Sakolnakorn / 华森·波克彭...
              2010 / 泰国 / 剧情 喜剧 爱情",黑小鸭速效美白记。,https://movie.douban.com/subject/4739952/,data/images\初恋这件小事 初恋那件小事_港_    暗恋那点小事.jpg,2010,118分钟,tt1859438,普特鹏·普罗萨卡·那·萨克那卡林,剧情 喜剧 爱情,未知主演
224,千钧一发 变种异煞(港)    自然人,8.8,353882,"导演: 安德鲁·尼科尔 Andrew Niccol   主演: 伊桑·霍克 Ethan Hawke / 乌玛...
              1997 / 美国 / 剧情 科幻 惊悚",无经典台词,https://movie.douban.com/subject/1300117/,data/images\千钧一发 变种异煞_港_    自然人.jpg,1997,106分钟,tt0119177,安德鲁·尼科尔,剧情 科幻 惊悚,伊桑·霍克、乌玛
225,人工智能 AI人工智慧,8.7,505900,"导演: 史蒂文·斯皮尔伯格 Steven Spielberg   主演: 海利·乔·奥斯蒙 Haley...
              2001 / 美国 / 剧情 科幻",无经典台词,https://movie.douban.com/subject/1302827/,data/images\人工智能 AI人工智慧.jpg,2001,146分钟,tt0212720,史蒂文·斯皮尔伯格,剧情 科幻,海利·乔·奥斯蒙
226,崖上的波妞 悬崖上的金鱼姬    悬崖上的金鱼公主,8.6,579186,"导演: 宫崎骏 Hayao Miyazaki   主演: 奈良柚莉爱 Yuria Nara / 土井洋辉 Hir...
              2008 / 日本 / 动画 奇幻 冒险",无经典台词,https://movie.douban.com/subject/1959877/,data/images\崖上的波妞 悬崖上的金鱼姬    悬崖上的金鱼公主.jpg,2008,101分钟,tt0876563,宫崎骏,动画 奇幻 冒险,奈良柚莉爱、土井洋辉
227,雨人 手足情未了(港)    手足情深,8.7,445143,"导演: 巴瑞·莱文森 Barry Levinson   主演: 达斯汀·霍夫曼 Dustin Hoffman ...
              1988 / 美国 / 剧情",无经典台词,https://movie.douban.com/subject/1291870/,data/images\雨人 手足情未了_港_    手足情深.jpg,1988,133分钟,tt0095953,巴瑞·莱文森,剧情,达斯汀·霍夫曼
228,虎口脱险 横冲直撞出重围(港)    大進擊(台),8.9,298282,"导演: 杰拉尔·乌里 Gérard Oury   主演: 路易·德·菲耐斯 Louis de Funès...
              1966 / 法国 英国 / 喜剧 战争",无经典台词,https://movie.douban.com/subject/1296909/,data/images\虎口脱险 横冲直撞出重围_港_    大進擊_台_.jpg,1966,119分钟,tt0060474,杰拉尔·乌里,喜剧 战争,路易·德·菲耐斯
229,哈利·波特与凤凰社 哈利波特5：凤凰会的密令(港  台),8.6,700833,"导演: 大卫·叶茨 David Yates   主演: 丹尼尔·雷德克里夫 Daniel Radcliffe...
              2007 / 英国 美国 / 奇幻 冒险",无经典台词,https://movie.douban.com/subject/1457217/,data/images\哈利·波特与凤凰社 哈利波特5：凤凰会的密令_港  台_.jpg,2007,138分钟,tt0373889,大卫·叶茨,奇幻 冒险,丹尼尔·雷德克里夫
230,彗星来的那一夜 相干性    相干效应,8.6,690606,"导演: 詹姆斯·沃德·布柯特 James Ward Byrkit   主演: 艾米丽·芭尔多尼 Em...
              2013 / 美国 英国 / 科幻 悬疑 惊悚",小成本大魅力。,https://movie.douban.com/subject/25807345/,data/images\彗星来的那一夜 相干性    相干效应.jpg,2013,89分钟,tt2866360,詹姆斯·沃德·布柯特,科幻 悬疑 惊悚,艾米丽·芭尔多尼
231,罗生门 Rashomon,8.8,360717,"导演: 黑泽明 Akira Kurosawa   主演: 三船敏郎 Toshirô Mifune / 京町子 ...
              1950 / 日本 / 剧情 犯罪 悬疑",无经典台词,https://movie.douban.com/subject/1291879/,data/images\罗生门 Rashomon.jpg,1950,88分钟,tt0042876,黑泽明,剧情 犯罪 悬疑,三船敏郎、京町子
232,海边的曼彻斯特 情系海边之城(港),8.6,658228,"导演: 肯尼斯·罗纳根 Kenneth Lonergan   主演: 卡西·阿弗莱克 Casey Affle...
              2016 / 美国 / 剧情 家庭",我们都有权利不与自己的过去和解。,https://movie.douban.com/subject/25980443/,data/images\海边的曼彻斯特 情系海边之城_港_.jpg,2016,137分钟,tt4034228,肯尼斯·罗纳根,剧情 家庭,卡西·阿弗莱克
233,恋恋笔记本 忘了·忘不了(港)    手札情缘(台),8.5,753885,"导演: 尼克·卡索维茨 Nick Cassavetes   主演: 瑞恩·高斯林 Ryan Gosling /...
              2004 / 美国 / 剧情 爱情",爱情没有那么多借口，如果不能圆满，只能说明爱的不够。,https://movie.douban.com/subject/1309163/,data/images\恋恋笔记本 忘了·忘不了_港_    手札情缘_台_.jpg,2004,123分钟,tt0332280,尼克·卡索维茨,剧情 爱情,瑞恩·高斯林
234,火星救援 火星任务(港)    绝地救援(台),8.5,843380,"导演: 雷德利·斯科特 Ridley Scott   主演: 马特·达蒙 Matt Damon / 杰西卡...
              2015 / 英国 美国 匈牙利 约旦 / 剧情 科幻 冒险",无经典台词,https://movie.douban.com/subject/25864085/,data/images\火星救援 火星任务_港_    绝地救援_台_.jpg,2015,142分钟,tt3659388,雷德利·斯科特,剧情 科幻 冒险,马特·达蒙、杰西卡
235,真爱至上 真的恋爱了(港)    爱是您，爱是我(台),8.5,811393,"导演: 理查德·柯蒂斯 Richard Curtis   主演: 休·格兰特 Hugh Grant / 连姆...
              2003 / 英国 美国 法国 / 喜剧 剧情 爱情",无经典台词,https://movie.douban.com/subject/1292401/,data/images\真爱至上 真的恋爱了_港_    爱是您，爱是我_台_.jpg,2003,135分钟,tt0314331,理查德·柯蒂斯,喜剧 剧情 爱情,休·格兰特、连姆
236,黑客帝国2：重装上阵 22世纪杀人网络2：决战未来(港)    骇客任务：重装上阵(台),8.7,458375,"导演: 拉娜·沃卓斯基 Lana Wachowski / 莉莉·沃卓斯基 Lilly Wachowski   ...
              2003 / 美国 / 动作 科幻",无经典台词,https://movie.douban.com/subject/1304141/,data/images\黑客帝国2：重装上阵 22世纪杀人网络2：决战未来_港_.jpg,2003,138分钟,tt0234215,拉娜·沃卓斯基,动作 科幻,未知主演
237,冰雪奇缘 魔雪奇缘(港)    冰雪大冒险,8.5,837393,"导演: 克里斯·巴克 Chris Buck / 珍妮弗·李 Jennifer Lee   主演: 克里斯汀...
              2013 / 美国 / 喜剧 动画 奇幻 歌舞",无经典台词,https://movie.douban.com/subject/4202982/,data/images\冰雪奇缘 魔雪奇缘_港_    冰雪大冒险.jpg,2013,102分钟,tt2294629,克里斯·巴克,喜剧 动画 奇幻 歌舞,克里斯汀
238,步履不停 横山家之味(港  台),8.8,330467,"导演: 是枝裕和 Hirokazu Koreeda   主演: 阿部宽 Hiroshi Abe / 夏川结衣 Yu...
              2008 / 日本 / 剧情 家庭",日本的家庭电影已经是世界巅峰了，步履不停是巅峰中的佳作。,https://movie.douban.com/subject/2222996/,data/images\步履不停 横山家之味_港  台_.jpg,2008,115分钟,tt1087578,是枝裕和,剧情 家庭,阿部宽、夏川结衣
239,奇迹男孩 奇迹,8.6,603290,"导演: 斯蒂芬·卓博斯基 Stephen Chbosky   主演: 雅各布·特伦布莱 Jacob Tr...
              2017 / 美国 中国香港 / 剧情 儿童 家庭",世界不完美，爱会有奇迹。,https://movie.douban.com/subject/26787574/,data/images\奇迹男孩 奇迹.jpg,2017,113分钟,tt2543472,斯蒂芬·卓博斯基,剧情 儿童 家庭,雅各布·特伦布莱
240,千年女优 Millennium Actress,8.8,320368,"导演: 今敏 Satoshi Kon   主演: 庄司美代子 Miyoko Shôji / 小山茉美 Mam...
              2001 / 日本 / 动画 剧情 爱情",无经典台词,https://movie.douban.com/subject/1307394/,data/images\千年女优 Millennium Actress.jpg,2001,87分钟,tt0291350,今敏,动画 剧情 爱情,庄司美代子、小山茉美
241,谍影重重2 叛谍追击2：机密圈套(港)    神鬼认证：神鬼疑云(台),8.7,402455,"导演: 保罗·格林格拉斯 Paul Greengrass   主演: 马特·达蒙 Matt Damon / ...
              2004 / 美国 德国 / 动作 悬疑 惊悚",谁说王家卫镜头很晃？,https://movie.douban.com/subject/1308767/,data/images\谍影重重2 叛谍追击2：机密圈套_港_    神鬼认证：神鬼.jpg,2004,108分钟,tt0372183,保罗·格林格拉斯,动作 悬疑 惊悚,马特·达蒙
242,战争之王 军火之王(台  港),8.7,418011,"导演: 安德鲁·尼科尔 Andrew Niccol   主演: 尼古拉斯·凯奇 Nicolas Cage /...
              2005 / 美国 德国 / 剧情 犯罪",做一颗让别人需要你的棋子。,https://movie.douban.com/subject/1419936/,data/images\战争之王 军火之王_台  港_.jpg,2005,122分钟,tt0399295,安德鲁·尼科尔,剧情 犯罪,尼古拉斯·凯奇
243,蜘蛛侠：平行宇宙 蜘蛛侠：新纪元    蜘蛛人：新宇宙(台),8.6,761497,"导演: 鲍勃·佩尔西凯蒂 Bob Persichetti / 彼得·拉姆齐 Peter Ramsey   主...
              2018 / 美国 / 动作 科幻 动画 冒险",无经典台词,https://movie.douban.com/subject/26374197/,data/images\蜘蛛侠：平行宇宙 蜘蛛侠：新纪元    蜘蛛人：新宇宙_台_.jpg,2018,116分钟,tt4633694,鲍勃·佩尔西凯蒂,动作 科幻 动画 冒险,未知主演
244,攻壳机动队 Ghost in the Shell,9.0,220457,"导演: 押井守 Mamoru Oshii   主演: 田中敦子 Atsuko Tanaka / 大冢明夫 Akio...
              1995 / 日本 / 动作 科幻 动画",无经典台词,https://movie.douban.com/subject/1291936/,data/images\攻壳机动队 Ghost in the Shell.jpg,1995,83分钟,tt0113568,押井守,动作 科幻 动画,田中敦子、大冢明夫
245,血钻 血钻石(台)    血腥钻石,8.7,424108,"导演: 爱德华·兹威克 Edward Zwick   主演: 莱昂纳多·迪卡普里奥 Leonardo ...
              2006 / 美国 德国 英国 / 剧情 惊悚 冒险",每个美丽事物背后都是滴血的现实。,https://movie.douban.com/subject/1428175/,data/images\血钻 血钻石_台_    血腥钻石.jpg,2006,143分钟,tt0450259,爱德华·兹威克,剧情 惊悚 冒险,莱昂纳多·迪卡普里奥
246,小姐 下女诱罪(港)    下女的诱惑(台),8.5,582213,"导演: 朴赞郁 Chan-wook Park   主演: 金敏喜 Min-hee Kim / 金泰梨 Tae-ri K...
              2016 / 韩国 / 剧情 悬疑 情色 同性",无经典台词,https://movie.douban.com/subject/25977027/,data/images\小姐 下女诱罪_港_    下女的诱惑_台_.jpg,2016,145分钟,tt4016934,朴赞郁,剧情 悬疑 情色 同性,金敏喜、金泰梨
247,隐藏人物 NASA无名英雌(港)    关键少数(台),8.9,275517,"导演: 特奥多尔·梅尔菲 Theodore Melfi   主演: 塔拉吉·P·汉森 Taraji P. ...
              2016 / 美国 / 剧情 传记 历史",无经典台词,https://movie.douban.com/subject/26615208/,data/images\隐藏人物 NASA无名英雌_港_    关键少数_台_.jpg,2016,127分钟,tt4846340,特奥多尔·梅尔菲,剧情 传记 历史,塔拉吉·、·汉森
248,"血观音 修罗花    The Bold, the Corrupt, and the Beautiful",8.6,569812,"导演: 杨雅喆 Ya-che Yang   主演: 惠英红 Kara Wai Ying Hung / 吴可熙 Wu K...
              2017 / 中国台湾 / 剧情 悬疑",无经典台词,https://movie.douban.com/subject/27113517/,"data/images\血观音 修罗花    The Bold, the Corru.jpg",2017,112分钟,tt7479784,杨雅喆,剧情 悬疑,惠英红、吴可熙
249,魂断蓝桥 滑铁卢桥    断桥残梦,8.8,312384,"导演: 茂文·勒鲁瓦 Mervyn LeRoy   主演: 费雯·丽 Vivien Leigh / 罗伯特·...
              1940 / 美国 / 剧情 爱情 战争",无经典台词,https://movie.douban.com/subject/1293964/,data/images\魂断蓝桥 滑铁卢桥    断桥残梦.jpg,1940,108分钟,tt0033238,茂文·勒鲁瓦,剧情 爱情 战争,费雯·丽、罗伯特·
250,房间 不存在的房间(台)    抖室(港),8.7,401743,"导演: 伦尼·阿伯拉罕森 Lenny Abrahamson   主演: 布丽·拉尔森 Brie Larson...
              2015 / 爱尔兰 加拿大 英国 美国 / 剧情 家庭",被偷走的岁月，被伤害的生命，被禁锢的灵魂，终将被希望和善意救赎。,https://movie.douban.com/subject/25724855/,data/images\房间 不存在的房间_台_    抖室_港_.jpg,2015,118分钟,tt3170832,伦尼·阿伯拉罕森,剧情 家庭,布丽·拉尔森
