id,rank,title_cn,title_en,rating,rating_count,directors_cast,quote,detail_link,year,duration,genre,imdb_rating,poster_url,poster_path,crawled_at,spider_name
1,25,末代皇帝,/ The Last Emperor,9.3,,导演: 贝纳尔多·贝托鲁奇 Bernardo Bertolucci   主演: 尊龙 John Lone / 陈... 1987 / 英国 意大利 中国大陆 法国 / 剧情 传记 历史,,https://movie.douban.com/subject/1293172/,1987,,"剧情, 传记, 历史",,https://img3.doubanio.com/view/photo/s_ratio_poster/public/p452089833.webp,,2026-05-14T20:00:34.556884,douban_top250
2,50,绿皮书,/ Green Book,8.9,,导演: 彼得·法雷里 Peter Farrelly   主演: 维果·莫腾森 Viggo Mortensen /... 2018 / 美国 中国大陆 / 剧情 喜剧 传记 音乐,,https://movie.douban.com/subject/27060077/,2018,,"剧情, 喜剧, 音乐, 传记",,https://img2.doubanio.com/view/photo/s_ratio_poster/public/p2531065411.webp,,2026-05-14T20:00:40.054451,douban_top250
3,75,看不见的客人,/ Contratiempo,8.8,,导演: 奥里奥尔·保罗 Oriol Paulo   主演: 马里奥·卡萨斯 Mario Casas / 阿... 2016 / 西班牙 / 剧情 犯罪 悬疑 惊悚,,https://movie.douban.com/subject/26580232/,2016,,"剧情, 悬疑, 惊悚, 犯罪",,https://img9.doubanio.com/view/photo/s_ratio_poster/public/p2498971355.webp,,2026-05-14T20:00:43.881721,douban_top250
4,74,西西里的美丽传说,/ Malèna,8.9,,导演: 朱塞佩·托纳多雷 Giuseppe Tornatore   主演: 莫妮卡·贝鲁奇 Monica ... 2000 / 意大利 美国 / 剧情 战争 情色,,https://movie.douban.com/subject/1292402/,2000,,"剧情, 情色, 战争",,https://img1.doubanio.com/view/photo/s_ratio_poster/public/p2441988159.webp,,2026-05-14T20:00:43.881675,douban_top250
5,72,哈利·波特与阿兹卡班的囚徒,/ Harry Potter and the Prisoner of Azkaban,9.0,,导演: 阿方索·卡隆 Alfonso Cuarón   主演: 丹尼尔·雷德克里夫 Daniel Rad... 2004 / 英国 美国 / 奇幻 冒险,,https://movie.douban.com/subject/1291544/,2004,,"奇幻, 冒险",,https://img1.doubanio.com/view/photo/s_ratio_poster/public/p2913456870.webp,,2026-05-14T20:00:43.881588,douban_top250
6,73,阿凡达,/ Avatar,8.8,,导演: 詹姆斯·卡梅隆 James Cameron   主演: 萨姆·沃辛顿 Sam Worthington ... 2009 / 美国 / 动作 科幻 冒险,,https://movie.douban.com/subject/1652587/,2009,,"动作, 科幻, 冒险",,https://img1.doubanio.com/view/photo/s_ratio_poster/public/p2180085848.webp,,2026-05-14T20:00:43.881632,douban_top250
7,71,音乐之声,/ The Sound of Music,9.1,,导演: 罗伯特·怀斯 Robert Wise   主演: 朱莉·安德鲁斯 Julie Andrews / 克... 1965 / 美国 / 剧情 传记 爱情 歌舞,,https://movie.douban.com/subject/1294408/,1965,,"剧情, 爱情, 歌舞, 传记",,https://img3.doubanio.com/view/photo/s_ratio_poster/public/p453788577.webp,,2026-05-14T20:00:43.881546,douban_top250
8,70,功夫,,8.9,,导演: 周星驰 Stephen Chow   主演: 周星驰 Stephen Chow / 元秋 Qiu Yuen / ... 2004 / 中国大陆 中国香港 / 动作 喜剧 犯罪 奇幻,,https://movie.douban.com/subject/1291543/,2004,,"喜剧, 动作, 犯罪, 奇幻",,https://img1.doubanio.com/view/photo/s_ratio_poster/public/p2219011938.webp,,2026-05-14T20:00:43.881503,douban_top250
9,69,窃听风暴,/ Das Leben der Anderen,9.2,,导演: 弗洛里安·亨克尔·冯·多纳斯马尔克 Florian Henckel von Donnersmarck  &n... 2006 / 德国 / 剧情 悬疑,,https://movie.douban.com/subject/1900841/,2006,,"剧情, 悬疑",,https://img1.doubanio.com/view/photo/s_ratio_poster/public/p1808872109.webp,,2026-05-14T20:00:43.881455,douban_top250
10,68,两杆大烟枪,"/ Lock, Stock and Two Smoking Barrels",9.1,,导演: 盖·里奇 Guy Ritchie   主演: 杰森·弗莱明 Jason Flemyng / 德克斯特... 1998 / 英国 / 剧情 喜剧 犯罪,,https://movie.douban.com/subject/1293350/,1998,,"剧情, 喜剧, 犯罪",,https://img1.doubanio.com/view/photo/s_ratio_poster/public/p792443418.webp,,2026-05-14T20:00:43.881408,douban_top250
11,67,情书,/ Love Letter,8.9,,导演: 岩井俊二 Shunji Iwai   主演: 中山美穗 Miho Nakayama / 丰川悦司 Ets... 1995 / 日本 / 剧情 爱情,,https://movie.douban.com/subject/1292220/,1995,,"剧情, 爱情",,https://img1.doubanio.com/view/photo/s_ratio_poster/public/p2648230660.webp,,2026-05-14T20:00:43.881365,douban_top250
12,66,哈利·波特与死亡圣器(下),/ Harry Potter and the Deathly Hallows: Part 2,9.0,,导演: 大卫·叶茨 David Yates   主演: 丹尼尔·雷德克里夫 Daniel Radcliffe... 2011 / 美国 英国 / 奇幻 冒险,,https://movie.douban.com/subject/3011235/,2011,,"奇幻, 冒险",,https://img1.doubanio.com/view/photo/s_ratio_poster/public/p2913457020.webp,,2026-05-14T20:00:43.881323,douban_top250
13,64,美丽心灵,/ A Beautiful Mind,9.1,,导演: 朗·霍华德 Ron Howard   主演: 罗素·克劳 Russell Crowe / 艾德·哈... 2001 / 美国 / 传记 剧情,,https://movie.douban.com/subject/1306029/,2001,,"剧情, 传记",,https://img1.doubanio.com/view/photo/s_ratio_poster/public/p1665997400.webp,,2026-05-14T20:00:43.881234,douban_top250
14,65,穿条纹睡衣的男孩,/ The Boy in the Striped Pajamas,9.2,,导演: 马克·赫尔曼 Mark Herman   主演: 阿萨·巴特菲尔德 Asa Butterfield ... 2008 / 英国 美国 / 剧情 战争,,https://movie.douban.com/subject/3008247/,2008,,"剧情, 战争",,https://img3.doubanio.com/view/photo/s_ratio_poster/public/p1473670352.webp,,2026-05-14T20:00:43.881280,douban_top250
15,63,搏击俱乐部,/ Fight Club,9.0,,导演: 大卫·芬奇 David Fincher   主演: 爱德华·诺顿 Edward Norton / 布拉... 1999 / 美国 / 剧情 动作 悬疑 惊悚,,https://movie.douban.com/subject/1292000/,1999,,"剧情, 动作, 悬疑, 惊悚",,https://img3.doubanio.com/view/photo/s_ratio_poster/public/p1910931622.webp,,2026-05-14T20:00:43.881184,douban_top250
16,61,辩护人,/ 변호인,9.2,,导演: 杨宇硕 Woo-seok Yang   主演: 宋康昊 Kang-ho Song / 金英爱 Yeong-ae... 2013 / 韩国 / 剧情,,https://movie.douban.com/subject/21937445/,2013,,剧情,,https://img9.doubanio.com/view/photo/s_ratio_poster/public/p2158166535.webp,,2026-05-14T20:00:43.881094,douban_top250
17,62,本杰明·巴顿奇事,/ The Curious Case of Benjamin Button,9.0,,导演: 大卫·芬奇 David Fincher   主演: 布拉德·皮特 Brad Pitt / 凯特·布... 2008 / 美国 / 剧情 爱情 奇幻,,https://movie.douban.com/subject/1485260/,2008,,"剧情, 爱情, 奇幻",,https://img3.doubanio.com/view/photo/s_ratio_poster/public/p2192535722.webp,,2026-05-14T20:00:43.881141,douban_top250
18,60,饮食男女,/ 飲食男女,9.2,,导演: 李安 Ang Lee   主演: 郎雄 Sihung Lung / 杨贵媚 Kuei-Mei Yang / 吴... 1994 / 中国台湾 美国 / 剧情 家庭,,https://movie.douban.com/subject/1291818/,1994,,"剧情, 家庭",,https://img2.doubanio.com/view/photo/s_ratio_poster/public/p1910899751.webp,,2026-05-14T20:00:43.881047,douban_top250
19,59,天堂电影院,/ Nuovo Cinema Paradiso,9.2,,导演: 朱塞佩·托纳多雷 Giuseppe Tornatore   主演: 菲利普·努瓦雷 Philipp... 1988 / 意大利 法国 / 剧情 爱情,,https://movie.douban.com/subject/1291828/,1988,,"剧情, 爱情",,https://img1.doubanio.com/view/photo/s_ratio_poster/public/p2653054340.webp,,2026-05-14T20:00:43.880988,douban_top250
20,57,教父2,/ The Godfather: Part II,9.3,,导演: 弗朗西斯·福特·科波拉 Francis Ford Coppola   主演: 阿尔·帕西诺 A... 1974 / 美国 / 剧情 犯罪,,https://movie.douban.com/subject/1299131/,1974,,"剧情, 犯罪",,https://img3.doubanio.com/view/photo/s_ratio_poster/public/p2194138787.webp,,2026-05-14T20:00:43.880890,douban_top250
21,58,狮子王,/ The Lion King,9.1,,导演: Roger Allers / 罗伯·明可夫 Rob Minkoff   主演: 乔纳森·泰勒·托马... 1994 / 美国 / 动画 冒险 歌舞,,https://movie.douban.com/subject/1301753/,1994,,"动画, 歌舞, 冒险",,https://img3.doubanio.com/view/photo/s_ratio_poster/public/p726659067.webp,,2026-05-14T20:00:43.880939,douban_top250
22,56,罗马假日,/ Roman Holiday,9.1,,导演: 威廉·惠勒 William Wyler   主演: 奥黛丽·赫本 Audrey Hepburn / 格... 1953 / 美国 / 喜剧 剧情 爱情,,https://movie.douban.com/subject/1293839/,1953,,"剧情, 喜剧, 爱情",,https://img9.doubanio.com/view/photo/s_ratio_poster/public/p2189265085.webp,,2026-05-14T20:00:43.880844,douban_top250
23,55,指环王1：护戒使者,/ The Lord of the Rings: The Fellowship of the Ring,9.1,,导演: 彼得·杰克逊 Peter Jackson   主演: 伊利亚·伍德 Elijah Wood / 西恩... 2001 / 新西兰 美国 英国 / 剧情 动作 奇幻 冒险,,https://movie.douban.com/subject/1291571/,2001,,"剧情, 动作, 奇幻, 冒险",,https://img9.doubanio.com/view/photo/s_ratio_poster/public/p2197698335.webp,,2026-05-14T20:00:43.880800,douban_top250
24,54,黑客帝国,/ The Matrix,9.1,,导演: 安迪·沃卓斯基 Andy Wachowski / 拉娜·沃卓斯基 Lana Wachowski   主... 1999 / 美国 / 动作 科幻,,https://movie.douban.com/subject/1291843/,1999,,"动作, 科幻",,https://img1.doubanio.com/view/photo/s_ratio_poster/public/p451926968.webp,,2026-05-14T20:00:43.880753,douban_top250
25,53,大闹天宫,,9.4,,导演: 万籁鸣 Laiming Wan   主演: 邱岳峰 Yuefeng Qiu / 富润生 Runsheng Fu... 1961(中国大陆) / 1964(中国大陆) / 1978(中国大陆) / 中国大陆 / 剧情 动画 奇幻 古装,,https://movie.douban.com/subject/1418019/,1961,,"剧情, 动画, 奇幻, 古装",,https://img3.doubanio.com/view/photo/s_ratio_poster/public/p2184505167.webp,,2026-05-14T20:00:43.880703,douban_top250
26,52,闻香识女人,/ Scent of a Woman,9.1,,导演: 马丁·布莱斯 Martin Brest   主演: 阿尔·帕西诺 Al Pacino / 克里斯... 1992 / 美国 / 剧情,,https://movie.douban.com/subject/1298624/,1992,,剧情,,https://img1.doubanio.com/view/photo/s_ratio_poster/public/p2550757929.webp,,2026-05-14T20:00:43.880641,douban_top250
27,49,大话西游之月光宝盒,/ 西遊記第壹佰零壹回之月光寶盒,9.0,,导演: 刘镇伟 Jeffrey Lau   主演: 周星驰 Stephen Chow / 吴孟达 Man Tat Ng... 1995 / 中国香港 中国大陆 / 喜剧 爱情 奇幻 古装,,https://movie.douban.com/subject/1299398/,1995,,"喜剧, 爱情, 奇幻, 古装",,https://img3.doubanio.com/view/photo/s_ratio_poster/public/p2561721372.webp,,2026-05-14T20:00:40.054409,douban_top250
28,51,何以为家,/ كفرناحوم,9.1,,导演: 娜丁·拉巴基 Nadine Labaki   主演: 扎因·拉费阿 Zain al-Rafeea / ... 2018 / 黎巴嫩 美国 法国 塞浦路斯 卡塔尔 英国 / 剧情,,https://movie.douban.com/subject/30170448/,2018,,剧情,,https://img3.doubanio.com/view/photo/s_ratio_poster/public/p2875749222.webp,,2026-05-14T20:00:43.880522,douban_top250
29,48,死亡诗社,/ Dead Poets Society,9.2,,导演: 彼得·威尔 Peter Weir   主演: 罗宾·威廉姆斯 Robin Williams / 罗伯... 1989 / 美国 / 剧情,,https://movie.douban.com/subject/1291548/,1989,,剧情,,https://img1.doubanio.com/view/photo/s_ratio_poster/public/p2575465690.webp,,2026-05-14T20:00:40.054367,douban_top250
30,47,指环王2：双塔奇兵,/ The Lord of the Rings: The Two Towers,9.2,,导演: 彼得·杰克逊 Peter Jackson   主演: 伊利亚·伍德 Elijah Wood / 西恩... 2002 / 美国 新西兰 / 剧情 动作 奇幻 冒险,,https://movie.douban.com/subject/1291572/,2002,,"剧情, 动作, 奇幻, 冒险",,https://img9.doubanio.com/view/photo/s_ratio_poster/public/p2640236255.webp,,2026-05-14T20:00:40.054325,douban_top250
31,45,少年派的奇幻漂流,/ Life of Pi,9.1,,导演: 李安 Ang Lee   主演: 苏拉·沙玛 Suraj Sharma / 伊尔凡·可汗 Irrfan... 2012 / 美国 中国台湾 英国 加拿大 / 剧情 奇幻 冒险,,https://movie.douban.com/subject/1929463/,2012,,"剧情, 奇幻, 冒险",,https://img2.doubanio.com/view/photo/s_ratio_poster/public/p1784592701.webp,,2026-05-14T20:00:40.054239,douban_top250
32,46,钢琴家,/ The Pianist,9.3,,导演: 罗曼·波兰斯基 Roman Polanski   主演: 艾德里安·布洛迪 Adrien Brod... 2002 / 英国 法国 波兰 德国 美国 / 剧情 传记 战争 音乐,,https://movie.douban.com/subject/1296736/,2002,,"剧情, 音乐, 传记, 战争",,https://img2.doubanio.com/view/photo/s_ratio_poster/public/p1381339291.webp,,2026-05-14T20:00:40.054283,douban_top250
33,44,摔跤吧！爸爸,/ Dangal,9.0,,导演: 涅提·蒂瓦里 Nitesh Tiwari   主演: 阿米尔·汗 Aamir Khan / 法缇玛... 2016 / 印度 / 剧情 传记 运动 家庭,,https://movie.douban.com/subject/26387939/,2016,,"剧情, 家庭, 传记, 运动",,https://img1.doubanio.com/view/photo/s_ratio_poster/public/p2401676338.webp,,2026-05-14T20:00:40.054198,douban_top250
34,43,鬼子来了,,9.3,,导演: 姜文 Wen Jiang   主演: 姜文 Wen Jiang / 香川照之 Teruyuki Kagawa /... 2000 / 中国大陆 / 剧情 喜剧,,https://movie.douban.com/subject/1291858/,2000,,"剧情, 喜剧",,https://img1.doubanio.com/view/photo/s_ratio_poster/public/p2930874010.webp,,2026-05-14T20:00:40.054156,douban_top250
35,41,猫鼠游戏,/ Catch Me If You Can,9.1,,导演: 史蒂文·斯皮尔伯格 Steven Spielberg   主演: 莱昂纳多·迪卡普里奥 L... 2002 / 美国 加拿大 / 传记 犯罪 剧情,,https://movie.douban.com/subject/1305487/,2002,,"剧情, 传记, 犯罪",,https://img2.doubanio.com/view/photo/s_ratio_poster/public/p453924541.webp,,2026-05-14T20:00:40.054072,douban_top250
36,42,天空之城,/ 天空の城ラピュタ,9.2,,导演: 宫崎骏 Hayao Miyazaki   主演: 田中真弓 Mayumi Tanaka / 横泽启子 Ke... 1986 / 日本 / 动画 奇幻 冒险,,https://movie.douban.com/subject/1291583/,1986,,"动画, 奇幻, 冒险",,https://img2.doubanio.com/view/photo/s_ratio_poster/public/p2892409201.webp,,2026-05-14T20:00:40.054115,douban_top250
37,40,素媛,/ 소원,9.3,,导演: 李濬益 Jun-ik Lee   主演: 薛景求 Kyung-gu Sol / 严志媛 Ji-won Uhm ... 2013 / 韩国 / 剧情,,https://movie.douban.com/subject/21937452/,2013,,剧情,,https://img9.doubanio.com/view/photo/s_ratio_poster/public/p2118532944.webp,,2026-05-14T20:00:40.054031,douban_top250
38,39,海蒂和爷爷,/ Heidi,9.3,,导演: 阿兰·葛斯彭纳 Alain Gsponer   主演: 阿努克·斯特芬 Anuk Steffen /... 2015 / 德国 瑞士 / 剧情 冒险 家庭,,https://movie.douban.com/subject/25958717/,2015,,"剧情, 家庭, 冒险",,https://img9.doubanio.com/view/photo/s_ratio_poster/public/p2554525534.webp,,2026-05-14T20:00:40.053989,douban_top250
39,38,十二怒汉,/ 12 Angry Men,9.4,,导演: 西德尼·吕美特 Sidney Lumet   主演: 亨利·方达 Henry Fonda / 马丁... 1957 / 美国 / 剧情,,https://movie.douban.com/subject/1293182/,1957,,剧情,,https://img3.doubanio.com/view/photo/s_ratio_poster/public/p2173577632.webp,,2026-05-14T20:00:40.053947,douban_top250
40,37,哈尔的移动城堡,/ ハウルの動く城,9.1,,导演: 宫崎骏 Hayao Miyazaki   主演: 倍赏千惠子 Chieko Baishô / 木村拓... 2004 / 日本 / 爱情 动画 奇幻 冒险,,https://movie.douban.com/subject/1308807/,2004,,"爱情, 动画, 奇幻, 冒险",,https://img9.doubanio.com/view/photo/s_ratio_poster/public/p2907583906.webp,,2026-05-14T20:00:40.053907,douban_top250
41,36,让子弹飞,,9.0,,导演: 姜文 Wen Jiang   主演: 姜文 Wen Jiang / 葛优 You Ge / 周润发 Yun-F... 2010 / 中国大陆 中国香港 / 剧情 喜剧 动作 西部,,https://movie.douban.com/subject/3742360/,2010,,"剧情, 喜剧, 动作, 西部",,https://img3.doubanio.com/view/photo/s_ratio_poster/public/p1512562287.webp,,2026-05-14T20:00:40.053863,douban_top250
42,34,乱世佳人,/ Gone with the Wind,9.3,,导演: 维克多·弗莱明 Victor Fleming / 乔治·库克 George Cukor   主演: 费... 1939 / 美国 / 剧情 历史 爱情 战争,,https://movie.douban.com/subject/1300267/,1939,,"剧情, 爱情, 历史, 战争",,https://img1.doubanio.com/view/photo/s_ratio_poster/public/p1963126880.webp,,2026-05-14T20:00:40.053778,douban_top250
43,35,飞屋环游记,/ Up,9.1,,导演: 彼特·道格特 Pete Docter / 鲍勃·彼德森 Bob Peterson   主演: 爱德... 2009 / 美国 / 剧情 喜剧 动画 冒险,,https://movie.douban.com/subject/2129039/,2009,,"剧情, 喜剧, 动画, 冒险",,https://img9.doubanio.com/view/photo/s_ratio_poster/public/p485887754.webp,,2026-05-14T20:00:40.053821,douban_top250
44,33,我不是药神,,9.0,,导演: 文牧野 Muye Wen   主演: 徐峥 Zheng Xu / 王传君 Chuanjun Wang / 周... 2018 / 中国大陆 / 剧情 喜剧,,https://movie.douban.com/subject/26752088/,2018,,"剧情, 喜剧",,https://img1.doubanio.com/view/photo/s_ratio_poster/public/p2527119568.webp,,2026-05-14T20:00:40.053735,douban_top250
45,31,蝙蝠侠：黑暗骑士,/ The Dark Knight,9.2,,导演: 克里斯托弗·诺兰 Christopher Nolan   主演: 克里斯蒂安·贝尔 Christ... 2008 / 美国 英国 / 剧情 动作 科幻 犯罪 惊悚,,https://movie.douban.com/subject/1851857/,2008,,"剧情, 动作, 科幻, 惊悚, 犯罪",,https://img3.doubanio.com/view/photo/s_ratio_poster/public/p462657443.webp,,2026-05-14T20:00:40.053650,douban_top250
46,32,指环王3：王者无敌,/ The Lord of the Rings: The Return of the King,9.3,,导演: 彼得·杰克逊 Peter Jackson   主演: 伊利亚·伍德 Elijah Wood / 西恩... 2003 / 美国 新西兰 / 剧情 动作 奇幻 冒险,,https://movie.douban.com/subject/1291552/,2003,,"剧情, 动作, 奇幻, 冒险",,https://img3.doubanio.com/view/photo/s_ratio_poster/public/p2642829472.webp,,2026-05-14T20:00:40.053693,douban_top250
47,30,怦然心动,/ Flipped,9.1,,导演: 罗伯·莱纳 Rob Reiner   主演: 玛德琳·卡罗尔 Madeline Carroll / 卡... 2010 / 美国 / 剧情 喜剧 爱情,,https://movie.douban.com/subject/3319755/,2010,,"剧情, 喜剧, 爱情",,https://img1.doubanio.com/view/photo/s_ratio_poster/public/p501177648.webp,,2026-05-14T20:00:40.053605,douban_top250
48,29,活着,,9.3,,导演: 张艺谋 Yimou Zhang   主演: 葛优 You Ge / 巩俐 Li Gong / 姜武 Wu Jiang 1994 / 中国大陆 中国香港 / 剧情 历史 家庭,,https://movie.douban.com/subject/1292365/,1994,,"剧情, 家庭, 历史",,https://img3.doubanio.com/view/photo/s_ratio_poster/public/p2597919477.webp,,2026-05-14T20:00:40.053560,douban_top250
49,27,当幸福来敲门,/ The Pursuit of Happyness,9.1,,导演: 加布里尔·穆奇诺 Gabriele Muccino   主演: 威尔·史密斯 Will Smith ... 2006 / 美国 / 剧情 传记 家庭,,https://movie.douban.com/subject/1849031/,2006,,"剧情, 家庭, 传记",,https://img1.doubanio.com/view/photo/s_ratio_poster/public/p1312700628.webp,,2026-05-14T20:00:40.053445,douban_top250
50,28,龙猫,/ となりのトトロ,9.2,,导演: 宫崎骏 Hayao Miyazaki   主演: 日高法子 Noriko Hidaka / 坂本千夏 Ch... 1988 / 日本 / 动画 奇幻 冒险,,https://movie.douban.com/subject/1291560/,1988,,"动画, 奇幻, 冒险",,https://img9.doubanio.com/view/photo/s_ratio_poster/public/p2540924496.webp,,2026-05-14T20:00:40.053509,douban_top250
51,26,哈利·波特与魔法石,/ Harry Potter and the Sorcerer's Stone,9.2,,导演: Chris Columbus   主演: Daniel Radcliffe / Emma Watson / Rupert Grint 2001 / 美国 英国 / 奇幻 冒险,,https://movie.douban.com/subject/1295038/,2001,,"奇幻, 冒险",,https://img1.doubanio.com/view/photo/s_ratio_poster/public/p2913781448.webp,,2026-05-14T20:00:40.053337,douban_top250
52,23,触不可及,/ Intouchables,9.3,,导演: 奥利维·那卡什 Olivier Nakache / 艾力克·托兰达 Eric Toledano   主... 2011 / 法国 / 剧情 喜剧,,https://movie.douban.com/subject/6786002/,2011,,"剧情, 喜剧",,https://img9.doubanio.com/view/photo/s_ratio_poster/public/p1454261925.webp,,2026-05-14T20:00:34.556709,douban_top250
53,24,教父,/ The Godfather,9.3,,导演: 弗朗西斯·福特·科波拉 Francis Ford Coppola   主演: 马龙·白兰度 M... 1972 / 美国 / 剧情 犯罪,,https://movie.douban.com/subject/1291841/,1972,,"剧情, 犯罪",,https://img9.doubanio.com/view/photo/s_ratio_poster/public/p616779645.webp,,2026-05-14T20:00:34.556789,douban_top250
54,22,熔炉,/ 도가니,9.3,,导演: 黄东赫 Dong-hyuk Hwang   主演: 孔侑 Yoo Gong / 郑有美 Yu-mi Jung /... 2011 / 韩国 / 剧情,,https://movie.douban.com/subject/5912992/,2011,,剧情,,https://img9.doubanio.com/view/photo/s_ratio_poster/public/p1363250216.webp,,2026-05-14T20:00:34.556666,douban_top250
55,21,大话西游之大圣娶亲,/ 西遊記大結局之仙履奇緣,9.2,,导演: 刘镇伟 Jeffrey Lau   主演: 周星驰 Stephen Chow / 吴孟达 Man Tat Ng... 1995 / 中国香港 中国大陆 / 喜剧 爱情 奇幻 古装,,https://movie.douban.com/subject/1292213/,1995,,"喜剧, 爱情, 奇幻, 古装",,https://img9.doubanio.com/view/photo/s_ratio_poster/public/p2455050536.webp,,2026-05-14T20:00:34.556622,douban_top250
56,19,控方证人,/ Witness for the Prosecution,9.6,,导演: 比利·怀尔德 Billy Wilder   主演: 泰隆·鲍华 Tyrone Power / 玛琳·... 1957 / 美国 / 剧情 犯罪 悬疑 惊悚,,https://movie.douban.com/subject/1296141/,1957,,"剧情, 悬疑, 惊悚, 犯罪",,https://img3.doubanio.com/view/photo/s_ratio_poster/public/p2927451337.webp,,2026-05-14T20:00:34.556532,douban_top250
57,20,寻梦环游记,/ Coco,9.1,,导演: 李·昂克里奇 Lee Unkrich / 阿德里安·莫利纳 Adrian Molina   主演: ... 2017 / 美国 / 喜剧 动画 奇幻 音乐,,https://movie.douban.com/subject/20495023/,2017,,"喜剧, 动画, 音乐, 奇幻",,https://img3.doubanio.com/view/photo/s_ratio_poster/public/p2461812747.webp,,2026-05-14T20:00:34.556577,douban_top250
58,18,无间道,/ 無間道,9.3,,导演: 刘伟强 / 麦兆辉   主演: 刘德华 Andy Lau / 梁朝伟 Tony Leung Chiu W... 2002 / 中国香港 / 剧情 犯罪 惊悚,,https://movie.douban.com/subject/1307914/,2002,,"剧情, 惊悚, 犯罪",,https://img3.doubanio.com/view/photo/s_ratio_poster/public/p2597979873.webp,,2026-05-14T20:00:34.556488,douban_top250
59,17,放牛班的春天,/ Les choristes,9.3,,导演: 克里斯托夫·巴拉蒂 Christophe Barratier   主演: 让-巴蒂斯特·莫尼... 2004 / 法国 瑞士 德国 / 剧情 音乐,,https://movie.douban.com/subject/1291549/,2004,,"剧情, 音乐",,https://img1.doubanio.com/view/photo/s_ratio_poster/public/p2884280708.webp,,2026-05-14T20:00:34.556445,douban_top250
60,15,三傻大闹宝莱坞,/ 3 Idiots,9.2,,导演: 拉库马·希拉尼 Rajkumar Hirani   主演: 阿米尔·汗 Aamir Khan / 卡... 2009 / 印度 / 剧情 喜剧 爱情 歌舞,,https://movie.douban.com/subject/3793023/,2009,,"剧情, 喜剧, 爱情, 歌舞",,https://img2.doubanio.com/view/photo/s_ratio_poster/public/p579729551.webp,,2026-05-14T20:00:34.556352,douban_top250
61,16,机器人总动员,/ WALL·E,9.3,,导演: 安德鲁·斯坦顿 Andrew Stanton   主演: 本·贝尔特 Ben Burtt / 艾丽... 2008 / 美国 / 科幻 动画 冒险,,https://movie.douban.com/subject/2131459/,2008,,"科幻, 动画, 冒险",,https://img2.doubanio.com/view/photo/s_ratio_poster/public/p1461851991.webp,,2026-05-14T20:00:34.556400,douban_top250
62,14,疯狂动物城,/ Zootopia,9.3,,导演: 拜伦·霍华德 Byron Howard / 瑞奇·摩尔 Rich Moore   主演: 金妮弗·... 2016 / 美国 / 喜剧 动画 冒险,,https://movie.douban.com/subject/25662329/,2016,,"喜剧, 动画, 冒险",,https://img9.doubanio.com/view/photo/s_ratio_poster/public/p2924128964.webp,,2026-05-14T20:00:34.556307,douban_top250
63,13,海上钢琴师,/ La leggenda del pianista sull'oceano,9.3,,导演: 朱塞佩·托纳多雷 Giuseppe Tornatore   主演: 蒂姆·罗斯 Tim Roth / ... 1998 / 意大利 / 剧情 音乐,,https://movie.douban.com/subject/1292001/,1998,,"剧情, 音乐",,https://img9.doubanio.com/view/photo/s_ratio_poster/public/p2914698334.webp,,2026-05-14T20:00:34.556263,douban_top250
64,12,忠犬八公的故事,/ Hachi: A Dog's Tale,9.4,,导演: 莱塞·霍尔斯道姆 Lasse Hallström   主演: 理查·基尔 Richard Ger... 2009 / 美国 英国 / 剧情,,https://movie.douban.com/subject/3011091/,2009,,剧情,,https://img1.doubanio.com/view/photo/s_ratio_poster/public/p2587099240.webp,,2026-05-14T20:00:34.556219,douban_top250
65,11,辛德勒的名单,/ Schindler's List,9.5,,导演: 史蒂文·斯皮尔伯格 Steven Spielberg   主演: 连姆·尼森 Liam Neeson... 1993 / 美国 / 剧情 历史 战争,,https://movie.douban.com/subject/1295124/,1993,,"剧情, 历史, 战争",,https://img3.doubanio.com/view/photo/s_ratio_poster/public/p492406163.webp,,2026-05-14T20:00:34.556175,douban_top250
66,10,楚门的世界,/ The Truman Show,9.4,,导演: 彼得·威尔 Peter Weir   主演: 金·凯瑞 Jim Carrey / 劳拉·琳妮 Lau... 1998 / 美国 / 剧情 科幻,,https://movie.douban.com/subject/1292064/,1998,,"剧情, 科幻",,https://img3.doubanio.com/view/photo/s_ratio_poster/public/p479682972.webp,,2026-05-14T20:00:34.556130,douban_top250
67,8,这个杀手不太冷,/ Léon,9.4,,导演: 吕克·贝松 Luc Besson   主演: 让·雷诺 Jean Reno / 娜塔莉·波特曼 ... 1994 / 法国 美国 / 剧情 动作 犯罪,,https://movie.douban.com/subject/1295644/,1994,,"剧情, 动作, 犯罪",,https://img9.doubanio.com/view/photo/s_ratio_poster/public/p2913554676.webp,,2026-05-14T20:00:34.556039,douban_top250
68,9,盗梦空间,/ Inception,9.4,,导演: 克里斯托弗·诺兰 Christopher Nolan   主演: 莱昂纳多·迪卡普里奥 Le... 2010 / 美国 英国 / 剧情 科幻 悬疑 冒险,,https://movie.douban.com/subject/3541415/,2010,,"剧情, 科幻, 悬疑, 冒险",,https://img9.doubanio.com/view/photo/s_ratio_poster/public/p513344864.webp,,2026-05-14T20:00:34.556085,douban_top250
69,7,星际穿越,/ Interstellar,9.4,,导演: 克里斯托弗·诺兰 Christopher Nolan   主演: 马修·麦康纳 Matthew Mc... 2014 / 美国 英国 加拿大 / 剧情 科幻 冒险,,https://movie.douban.com/subject/1889243/,2014,,"剧情, 科幻, 冒险",,https://img3.doubanio.com/view/photo/s_ratio_poster/public/p2614988097.webp,,2026-05-14T20:00:34.555993,douban_top250
70,6,美丽人生,/ La vita è bella,9.5,,导演: 罗伯托·贝尼尼 Roberto Benigni   主演: 罗伯托·贝尼尼 Roberto Beni... 1997 / 意大利 / 剧情 喜剧 爱情 战争,,https://movie.douban.com/subject/1292063/,1997,,"剧情, 喜剧, 爱情, 战争",,https://img3.doubanio.com/view/photo/s_ratio_poster/public/p2578474613.webp,,2026-05-14T20:00:34.555947,douban_top250
71,4,阿甘正传,/ Forrest Gump,9.5,,导演: 罗伯特·泽米吉斯 Robert Zemeckis   主演: 汤姆·汉克斯 Tom Hanks / ... 1994 / 美国 / 剧情 爱情,,https://movie.douban.com/subject/1292720/,1994,,"剧情, 爱情",,https://img3.doubanio.com/view/photo/s_ratio_poster/public/p2500944103.webp,,2026-05-14T20:00:34.555842,douban_top250
72,5,千与千寻,/ 千と千尋の神隠し,9.4,,导演: 宫崎骏 Hayao Miyazaki   主演: 柊瑠美 Rumi Hîragi / 入野自由 Miy... 2001 / 日本 / 剧情 动画 奇幻,,https://movie.douban.com/subject/1291561/,2001,,"剧情, 动画, 奇幻",,https://img1.doubanio.com/view/photo/s_ratio_poster/public/p2557573348.webp,,2026-05-14T20:00:34.555895,douban_top250
73,3,泰坦尼克号,/ Titanic,9.5,,导演: 詹姆斯·卡梅隆 James Cameron   主演: 莱昂纳多·迪卡普里奥 Leonardo... 1997 / 美国 / 剧情 爱情 灾难,,https://movie.douban.com/subject/1292722/,1997,,"剧情, 爱情, 灾难",,https://img9.doubanio.com/view/photo/s_ratio_poster/public/p457760035.webp,,2026-05-14T20:00:34.555786,douban_top250
74,2,霸王别姬,,9.6,,导演: 陈凯歌 Kaige Chen   主演: 张国荣 Leslie Cheung / 张丰毅 Fengyi Zha... 1993 / 中国大陆 中国香港 / 剧情 爱情 同性,,https://movie.douban.com/subject/1291546/,1993,,"剧情, 爱情, 同性",,https://img1.doubanio.com/view/photo/s_ratio_poster/public/p2911205318.webp,,2026-05-14T20:00:34.555714,douban_top250
75,1,肖申克的救赎,/ The Shawshank Redemption,9.7,,导演: 弗兰克·德拉邦特 Frank Darabont   主演: 蒂姆·罗宾斯 Tim Robbins /... 1994 / 美国 / 犯罪 剧情,,https://movie.douban.com/subject/1292052/,1994,,"剧情, 犯罪",,https://img3.doubanio.com/view/photo/s_ratio_poster/public/p480747492.webp,,2026-05-14T20:00:34.555512,douban_top250
76,100,唐伯虎点秋香,/ 唐伯虎點秋香,8.8,,导演: 李力持 Lik-Chi Lee   主演: 周星驰 Stephen Chow / 巩俐 Li Gong / 陈... 1993 / 中国香港 / 喜剧 爱情 古装,,https://movie.douban.com/subject/1306249/,,,,,,,2026-05-14T20:12:57.188753,douban_top250
77,99,七宗罪,/ Se7en,8.8,,导演: 大卫·芬奇 David Fincher   主演: 摩根·弗里曼 Morgan Freeman / 布... 1995 / 美国 / 剧情 犯罪 悬疑 惊悚,,https://movie.douban.com/subject/1292223/,1995,,"剧情, 悬疑, 惊悚, 犯罪",,https://img9.doubanio.com/view/photo/s_ratio_poster/public/p2219586434.webp,,2026-05-14T20:12:57.188682,douban_top250
78,98,红辣椒,/ パプリカ,9.0,,导演: 今敏 Satoshi Kon   主演: 林原惠美 Megumi Hayashibara / 江守彻 Toru... 2006 / 日本 / 动画 悬疑 科幻 惊悚,,https://movie.douban.com/subject/1865703/,2006,,"科幻, 动画, 悬疑, 惊悚",,https://img1.doubanio.com/view/photo/s_ratio_poster/public/p2794776839.webp,,2026-05-14T20:12:57.188610,douban_top250
79,97,美国往事,/ Once Upon a Time in America,9.1,,导演: 赛尔乔·莱翁内 Sergio Leone   主演: 罗伯特·德尼罗 Robert De Niro ... 1984 / 美国 意大利 / 犯罪 剧情,,https://movie.douban.com/subject/1292262/,1984,,"剧情, 犯罪",,https://img3.doubanio.com/view/photo/s_ratio_poster/public/p477229647.webp,,2026-05-14T20:12:57.188538,douban_top250
80,96,海豚湾,/ The Cove,9.3,,导演: 路易·西霍尤斯 Louie Psihoyos   主演: 路易·西霍尤斯 Louie Psihoyo... 2009 / 美国 / 纪录片,,https://movie.douban.com/subject/3442220/,2009,,纪录片,,https://img1.doubanio.com/view/photo/s_ratio_poster/public/p2559579779.webp,,2026-05-14T20:12:57.188467,douban_top250
81,94,春光乍泄,/ 春光乍洩,9.0,,导演: 王家卫 Kar Wai Wong   主演: 张国荣 Leslie Cheung / 梁朝伟 Tony Leu... 1997 / 中国香港 日本 韩国 / 剧情 爱情 同性,,https://movie.douban.com/subject/1292679/,1997,,"剧情, 爱情, 同性",,https://img2.doubanio.com/view/photo/s_ratio_poster/public/p465939041.webp,,2026-05-14T20:12:57.188307,douban_top250
82,95,加勒比海盗,/ Pirates of the Caribbean: The Curse of the Black Pearl,8.8,,导演: 戈尔·维宾斯基 Gore Verbinski   主演: 约翰尼·德普 Johnny Depp / ... 2003 / 美国 / 动作 冒险 奇幻,,https://movie.douban.com/subject/1298070/,2003,,"动作, 奇幻, 冒险",,https://img9.doubanio.com/view/photo/s_ratio_poster/public/p1596085504.webp,,2026-05-14T20:12:57.188380,douban_top250
83,93,摩登时代,/ Modern Times,9.3,,导演: 查理·卓别林 Charles Chaplin   主演: 查理·卓别林 Charles Chaplin ... 1936 / 美国 / 剧情 喜剧 爱情,,https://movie.douban.com/subject/1294371/,1936,,"剧情, 喜剧, 爱情",,https://img1.doubanio.com/view/photo/s_ratio_poster/public/p2263408369.webp,,2026-05-14T20:12:57.188234,douban_top250
84,91,杀人回忆,/ 살인의 추억,8.9,,导演: 奉俊昊 Joon-ho Bong   主演: 宋康昊 Kang-ho Song / 金相庆 Sang-kyun... 2003 / 韩国 / 剧情 动作 犯罪 悬疑 惊悚,,https://movie.douban.com/subject/1300299/,2003,,"剧情, 动作, 悬疑, 惊悚, 犯罪",,https://img1.doubanio.com/view/photo/s_ratio_poster/public/p1633113220.webp,,2026-05-14T20:12:57.188087,douban_top250
85,92,致命ID,/ Identity,8.9,,导演: 詹姆斯·曼高德 James Mangold   主演: 约翰·库萨克 John Cusack / 雷... 2003 / 美国 / 剧情 悬疑 惊悚,,https://movie.douban.com/subject/1297192/,2003,,"剧情, 悬疑, 惊悚",,https://img9.doubanio.com/view/photo/s_ratio_poster/public/p2929944756.webp,,2026-05-14T20:12:57.188158,douban_top250
86,90,喜剧之王,/ 喜劇之王,8.8,,导演: 周星驰 Stephen Chow / 李力持 Lik-Chi Lee   主演: 周星驰 Stephen Ch... 1999 / 中国香港 / 喜剧 剧情 爱情,,https://movie.douban.com/subject/1302425/,1999,,"剧情, 喜剧, 爱情",,https://img9.doubanio.com/view/photo/s_ratio_poster/public/p2917778954.webp,,2026-05-14T20:12:57.188023,douban_top250
87,88,超脱,/ Detachment,9.0,,导演: 托尼·凯耶 Tony Kaye   主演: 艾德里安·布洛迪 Adrien Brody / 马西... 2011 / 美国 / 剧情,,https://movie.douban.com/subject/5322596/,2011,,剧情,,https://img2.doubanio.com/view/photo/s_ratio_poster/public/p1305562621.webp,,2026-05-14T20:12:57.187887,douban_top250
88,89,一一,,9.1,,导演: 杨德昌 Edward Yang   主演: 吴念真 / 李凯莉 Kelly Lee / 金燕玲 Elai... 2000 / 中国台湾 日本 / 剧情 爱情 家庭,,https://movie.douban.com/subject/1292434/,2000,,"剧情, 爱情, 家庭",,https://img1.doubanio.com/view/photo/s_ratio_poster/public/p2924629258.webp,,2026-05-14T20:12:57.187958,douban_top250
89,87,哈利·波特与密室,/ Harry Potter and the Chamber of Secrets,8.9,,导演: Chris Columbus   主演: 丹尼尔·雷德克里夫 Daniel Radcliffe / 艾玛... 2002 / 英国 美国 / 奇幻 冒险,,https://movie.douban.com/subject/1296996/,2002,,"奇幻, 冒险",,https://img2.doubanio.com/view/photo/s_ratio_poster/public/p2913781951.webp,,2026-05-14T20:12:57.187815,douban_top250
90,86,低俗小说,/ Pulp Fiction,8.9,,导演: 昆汀·塔伦蒂诺 Quentin Tarantino   主演: 约翰·特拉沃尔塔 John Tra... 1994 / 美国 / 剧情 喜剧 犯罪,,https://movie.douban.com/subject/1291832/,1994,,"剧情, 喜剧, 犯罪",,https://img3.doubanio.com/view/photo/s_ratio_poster/public/p1910902213.webp,,2026-05-14T20:12:57.187743,douban_top250
91,85,致命魔术,/ The Prestige,8.9,,导演: 克里斯托弗·诺兰 Christopher Nolan   主演: 休·杰克曼 Hugh Jackman... 2006 / 英国 美国 / 剧情 悬疑 惊悚,,https://movie.douban.com/subject/1780330/,2006,,"剧情, 悬疑, 惊悚",,https://img9.doubanio.com/view/photo/s_ratio_poster/public/p480383375.webp,,2026-05-14T20:12:57.187671,douban_top250
92,84,心灵捕手,/ Good Will Hunting,9.0,,导演: 格斯·范·桑特 Gus Van Sant   主演: 马特·达蒙 Matt Damon / 罗宾·... 1997 / 美国 / 剧情,,https://movie.douban.com/subject/1292656/,1997,,剧情,,https://img9.doubanio.com/view/photo/s_ratio_poster/public/p480965695.webp,,2026-05-14T20:12:57.187597,douban_top250
93,83,禁闭岛,/ Shutter Island,8.9,,导演: Martin Scorsese   主演: 莱昂纳多·迪卡普里奥 Leonardo DiCaprio / ... 2010 / 美国 / 剧情 悬疑 惊悚,,https://movie.douban.com/subject/2334904/,2010,,"剧情, 悬疑, 惊悚",,https://img1.doubanio.com/view/photo/s_ratio_poster/public/p450262388.webp,,2026-05-14T20:12:57.187526,douban_top250
94,81,飞越疯人院,/ One Flew Over the Cuckoo's Nest,9.1,,导演: 米洛斯·福尔曼 Miloš Forman   主演: 杰克·尼科尔森 Jack Nichols... 1975 / 美国 / 剧情,,https://movie.douban.com/subject/1292224/,1975,,剧情,,https://img3.doubanio.com/view/photo/s_ratio_poster/public/p792238287.webp,,2026-05-14T20:12:57.187378,douban_top250
95,82,还有明天,/ C'è ancora domani,9.3,,导演: 宝拉·柯特莱西 Paola Cortellesi   主演: 宝拉·柯特莱西 Paola Corte... 2023 / 意大利 / 剧情 喜剧 历史,,https://movie.douban.com/subject/36445098/,2023,,"剧情, 喜剧, 历史",,https://img9.doubanio.com/view/photo/s_ratio_poster/public/p2918279456.webp,,2026-05-14T20:12:57.187454,douban_top250
96,80,蝴蝶效应,/ The Butterfly Effect,8.9,,导演: 埃里克·布雷斯 Eric Bress / J·麦基·格鲁伯 J. Mackye Gruber   主... 2004 / 美国 加拿大 / 剧情 悬疑 科幻 惊悚,,https://movie.douban.com/subject/1292343/,2004,,"剧情, 科幻, 悬疑, 惊悚",,https://img1.doubanio.com/view/photo/s_ratio_poster/public/p2209066019.webp,,2026-05-14T20:12:57.187305,douban_top250
97,78,小鞋子,/ بچه های آسمان,9.2,,导演: 马基德·马基迪 Majid Majidi   主演: 默罕默德·阿米尔·纳吉 Mohamma... 1997 / 伊朗 / 剧情 儿童 家庭,,https://movie.douban.com/subject/1303021/,1997,,"剧情, 家庭, 儿童",,https://img9.doubanio.com/view/photo/s_ratio_poster/public/p2165511465.webp,,2026-05-14T20:12:57.187148,douban_top250
98,79,布达佩斯大饭店,/ The Grand Budapest Hotel,8.9,,导演: 韦斯·安德森 Wes Anderson   主演: 拉尔夫·费因斯 Ralph Fiennes / ... 2014 / 美国 德国 英国 / 剧情 喜剧 冒险,,https://movie.douban.com/subject/11525673/,2014,,"剧情, 喜剧, 冒险",,https://img3.doubanio.com/view/photo/s_ratio_poster/public/p2183539003.webp,,2026-05-14T20:12:57.187236,douban_top250
99,77,沉默的羔羊,/ The Silence of the Lambs,8.9,,导演: 乔纳森·戴米 Jonathan Demme   主演: 朱迪·福斯特 Jodie Foster / 安... 1991 / 美国 / 剧情 犯罪 惊悚,,https://movie.douban.com/subject/1293544/,1991,,"剧情, 惊悚, 犯罪",,https://img3.doubanio.com/view/photo/s_ratio_poster/public/p1593414327.webp,,2026-05-14T20:12:57.187047,douban_top250
100,76,拯救大兵瑞恩,/ Saving Private Ryan,9.1,,导演: 史蒂文·斯皮尔伯格 Steven Spielberg   主演: 汤姆·汉克斯 Tom Hanks... 1998 / 美国 / 剧情 战争,,https://movie.douban.com/subject/1292849/,1998,,"剧情, 战争",,https://img9.doubanio.com/view/photo/s_ratio_poster/public/p1014542496.webp,,2026-05-14T20:12:57.186888,douban_top250
101,150,喜宴,/ 囍宴,9.0,,导演: 李安 Ang Lee   主演: 赵文瑄 Winston Chao / 归亚蕾 Ya-lei Kuei / 郎... 1993 / 中国台湾 美国 / 剧情 喜剧 爱情 同性 家庭,,https://movie.douban.com/subject/1303037/,1993,,"剧情, 喜剧, 爱情, 同性, 家庭",,https://img3.doubanio.com/view/photo/s_ratio_poster/public/p2249048907.webp,,2026-05-14T20:17:18.000699,douban_top250
102,149,小森林 冬春篇,/ リトル・フォレスト 冬・春,9.0,,导演: 森淳一 Junichi Mori   主演: 桥本爱 Ai Hashimoto / 三浦贵大 Takahir... 2015 / 日本 / 剧情,,https://movie.douban.com/subject/25814707/,2015,,剧情,,https://img1.doubanio.com/view/photo/s_ratio_poster/public/p2258078370.webp,,2026-05-14T20:17:18.000641,douban_top250
103,148,神偷奶爸,/ Despicable Me,8.7,,导演: 皮艾尔·柯芬 Pierre Coffin / 克里斯·雷纳德 Chris Renaud   主演: ... 2010 / 美国 法国 / 喜剧 动画 冒险,,https://movie.douban.com/subject/3287562/,2010,,"喜剧, 动画, 冒险",,https://img1.doubanio.com/view/photo/s_ratio_poster/public/p792776858.webp,,2026-05-14T20:17:18.000580,douban_top250
104,147,釜山行,/ 부산행,8.6,,导演: 延尚昊 Sang-ho Yeon   主演: 孔刘 Yoo Gong / 郑有美 Yu-mi Jung / 马... 2016 / 韩国 / 动作 惊悚 灾难,,https://movie.douban.com/subject/25986180/,2016,,"动作, 惊悚, 灾难",,https://img1.doubanio.com/view/photo/s_ratio_poster/public/p2360940399.webp,,2026-05-14T20:17:18.000519,douban_top250
105,146,幸福终点站,/ The Terminal,8.8,,导演: 史蒂文·斯皮尔伯格 Steven Spielberg   主演: 汤姆·汉克斯 Tom Hanks... 2004 / 美国 / 喜剧 剧情 爱情,,https://movie.douban.com/subject/1292274/,2004,,"剧情, 喜剧, 爱情",,https://img3.doubanio.com/view/photo/s_ratio_poster/public/p2181698213.webp,,2026-05-14T20:17:18.000458,douban_top250
106,144,被解救的姜戈,/ Django Unchained,8.8,,导演: 昆汀·塔伦蒂诺 Quentin Tarantino   主演: 杰米·福克斯 Jamie Foxx /... 2012 / 美国 / 剧情 动作 西部 冒险,,https://movie.douban.com/subject/6307447/,2012,,"剧情, 动作, 西部, 冒险",,https://img3.doubanio.com/view/photo/s_ratio_poster/public/p1800813767.webp,,2026-05-14T20:17:18.000338,douban_top250
107,145,请以你的名字呼唤我,/ Call Me by Your Name,8.8,,导演: 卢卡·瓜达尼诺 Luca Guadagnino   主演: 艾米·汉莫 Armie Hammer / ... 2017 / 意大利 法国 巴西 美国 / 剧情 爱情 同性,,https://movie.douban.com/subject/26799731/,2017,,"剧情, 爱情, 同性",,https://img1.doubanio.com/view/photo/s_ratio_poster/public/p2505525050.webp,,2026-05-14T20:17:18.000398,douban_top250
108,143,九品芝麻官,,8.8,,导演: 王晶 Jing Wong   主演: 周星驰 Stephen Chow / 吴孟达 Man Tat Ng / ... 1994 / 中国香港 / 剧情 喜剧 古装,,https://movie.douban.com/subject/1297518/,1994,,"剧情, 喜剧, 古装",,https://img1.doubanio.com/view/photo/s_ratio_poster/public/p648370300.webp,,2026-05-14T20:17:18.000278,douban_top250
109,142,哪吒闹海,,9.2,,导演: 王树忱 Shuchen Wang / 严定宪 Dingxian Yan   主演: 梁正晖 Zhenghui ... 1979 / 中国大陆 / 冒险 动画 奇幻,,https://movie.douban.com/subject/1307315/,1979,,"动画, 奇幻, 冒险",,https://img9.doubanio.com/view/photo/s_ratio_poster/public/p2532803206.webp,,2026-05-14T20:17:18.000219,douban_top250
110,140,天使爱美丽,/ Le Fabuleux destin d'Amélie Poulain,8.7,,导演: 让-皮埃尔·热内 Jean-Pierre Jeunet   主演: 奥黛丽·塔图 Audrey Tau... 2001 / 法国 德国 / 剧情 喜剧 爱情,,https://movie.douban.com/subject/1292215/,2001,,"剧情, 喜剧, 爱情",,https://img3.doubanio.com/view/photo/s_ratio_poster/public/p2447590313.webp,,2026-05-14T20:17:18.000097,douban_top250
111,141,侧耳倾听,/ 耳をすませば,8.9,,导演: 近藤喜文 Yoshifumi Kondo   主演: 本名阳子 Youko Honna / 小林桂树 K... 1995 / 日本 / 剧情 爱情 动画,,https://movie.douban.com/subject/1297052/,1995,,"剧情, 爱情, 动画",,https://img3.doubanio.com/view/photo/s_ratio_poster/public/p456692072.webp,,2026-05-14T20:17:18.000158,douban_top250
112,139,小森林 夏秋篇,/ リトル・フォレスト 夏・秋,9.0,,导演: 森淳一 Junichi Mori   主演: 桥本爱 Ai Hashimoto / 三浦贵大 Takahir... 2014 / 日本 / 剧情,,https://movie.douban.com/subject/25814705/,2014,,剧情,,https://img1.doubanio.com/view/photo/s_ratio_poster/public/p2232317770.webp,,2026-05-14T20:17:18.000035,douban_top250
113,138,教父3,/ The Godfather: Part III,9.0,,导演: 弗朗西斯·福特·科波拉 Francis Ford Coppola   主演: 阿尔·帕西诺 A... 1990 / 美国 / 剧情 犯罪,,https://movie.douban.com/subject/1294240/,1990,,"剧情, 犯罪",,https://img2.doubanio.com/view/photo/s_ratio_poster/public/p2169664351.webp,,2026-05-14T20:17:17.999971,douban_top250
114,136,怪兽电力公司,"/ Monsters, Inc.",8.8,,导演: 彼特·道格特 Pete Docter / 大卫·斯沃曼 David Silverman   主演: 约... 2001 / 美国 / 儿童 喜剧 动画 奇幻 冒险,,https://movie.douban.com/subject/1291579/,2001,,"喜剧, 动画, 儿童, 奇幻, 冒险",,https://img1.doubanio.com/view/photo/s_ratio_poster/public/p2513247938.webp,,2026-05-14T20:17:17.999850,douban_top250
115,137,阳光灿烂的日子,,8.8,,导演: 姜文 Wen Jiang   主演: 夏雨 Yu Xia / 宁静 Jing Ning / 陶虹 Hong Tao 1994 / 中国大陆 中国香港 / 剧情 爱情,,https://movie.douban.com/subject/1291875/,1994,,"剧情, 爱情",,https://img3.doubanio.com/view/photo/s_ratio_poster/public/p2582946597.webp,,2026-05-14T20:17:17.999910,douban_top250
116,135,完美的世界,/ A Perfect World,9.1,,导演: 克林特·伊斯特伍德 Clint Eastwood   主演: 凯文·科斯特纳 Kevin Cos... 1993 / 美国 / 剧情 犯罪,,https://movie.douban.com/subject/1300992/,1993,,"剧情, 犯罪",,https://img1.doubanio.com/view/photo/s_ratio_poster/public/p2190556408.webp,,2026-05-14T20:17:17.999789,douban_top250
117,133,一个叫欧维的男人决定去死,/ En man som heter Ove,8.9,,导演: 汉内斯·赫尔姆 Hannes Holm   主演: 罗夫·拉斯加德 Rolf Lassgård... 2015 / 瑞典 / 剧情,,https://movie.douban.com/subject/26628357/,2015,,剧情,,https://img3.doubanio.com/view/photo/s_ratio_poster/public/p2406624993.webp,,2026-05-14T20:17:17.999662,douban_top250
118,134,色，戒,,8.7,,导演: 李安 Ang Lee   主演: 梁朝伟 Tony Leung Chiu Wai / 汤唯 Wei Tang / ... 2007 / 中国台湾 中国大陆 美国 中国香港 / 剧情 爱情 情色,,https://movie.douban.com/subject/1828115/,2007,,"剧情, 爱情, 情色",,https://img9.doubanio.com/view/photo/s_ratio_poster/public/p453716305.webp,,2026-05-14T20:17:17.999728,douban_top250
119,132,玩具总动员3,/ Toy Story 3,8.9,,导演: 李·昂克里奇 Lee Unkrich   主演: 汤姆·汉克斯 Tom Hanks / 蒂姆·艾... 2010 / 美国 / 喜剧 动画 奇幻 冒险,,https://movie.douban.com/subject/1858711/,2010,,"喜剧, 动画, 奇幻, 冒险",,https://img1.doubanio.com/view/photo/s_ratio_poster/public/p1283675359.webp,,2026-05-14T20:17:17.999601,douban_top250
120,130,新世界,/ 신세계,8.9,,导演: 朴勋政 Hoon-jung Park   主演: 李政宰 Jung-Jae Lee / 崔岷植 Min-sik... 2013 / 韩国 / 剧情 犯罪,,https://movie.douban.com/subject/10437779/,2013,,"剧情, 犯罪",,https://img1.doubanio.com/view/photo/s_ratio_poster/public/p1903379979.webp,,2026-05-14T20:17:17.999400,douban_top250
121,131,花样年华,/ 花樣年華,8.8,,导演: 王家卫 Kar Wai Wong   主演: 张曼玉 Maggie Cheung / 梁朝伟 Tony Leu... 2000 / 中国香港 / 剧情 爱情,,https://movie.douban.com/subject/1291557/,2000,,"剧情, 爱情",,https://img3.doubanio.com/view/photo/s_ratio_poster/public/p2918312477.webp,,2026-05-14T20:17:17.999528,douban_top250
122,129,倩女幽魂,,8.8,,导演: 程小东 Siu-Tung Ching   主演: 张国荣 Leslie Cheung / 王祖贤 Joey W... 1987 / 中国香港 / 爱情 奇幻 武侠 古装,,https://movie.douban.com/subject/1297447/,1987,,"爱情, 奇幻, 武侠, 古装",,https://img9.doubanio.com/view/photo/s_ratio_poster/public/p2918554634.webp,,2026-05-14T20:17:17.999335,douban_top250
123,127,消失的爱人,/ Gone Girl,8.7,,导演: 大卫·芬奇 David Fincher   主演: 本·阿弗莱克 Ben Affleck / 罗莎蒙... 2014 / 美国 / 剧情 犯罪 悬疑 惊悚,,https://movie.douban.com/subject/21318488/,2014,,"剧情, 悬疑, 惊悚, 犯罪",,https://img9.doubanio.com/view/photo/s_ratio_poster/public/p2221768894.webp,,2026-05-14T20:17:17.999189,douban_top250
124,128,无人知晓,/ 誰も知らない,9.1,,导演: 是枝裕和 Hirokazu Koreeda   主演: 柳乐优弥 Yûya Yagira / 北浦爱... 2004 / 日本 / 剧情,,https://movie.douban.com/subject/1292337/,2004,,剧情,,https://img3.doubanio.com/view/photo/s_ratio_poster/public/p661160053.webp,,2026-05-14T20:17:17.999267,douban_top250
125,126,傲慢与偏见,/ Pride & Prejudice,8.7,,导演: 乔·怀特 Joe Wright   主演: 凯拉·奈特莉 Keira Knightley / 马修·... 2005 / 法国 英国 美国 / 剧情 爱情,,https://movie.douban.com/subject/1418200/,2005,,"剧情, 爱情",,https://img1.doubanio.com/view/photo/s_ratio_poster/public/p2016401659.webp,,2026-05-14T20:17:17.999070,douban_top250
126,125,驯龙高手,/ How to Train Your Dragon,8.8,,导演: 迪恩·德布洛斯 Dean DeBlois / 克里斯·桑德斯 Chris Sanders   主演:... 2010 / 美国 / 动画 奇幻 冒险,,https://movie.douban.com/subject/2353023/,2010,,"动画, 奇幻, 冒险",,https://img9.doubanio.com/view/photo/s_ratio_poster/public/p2210954024.webp,,2026-05-14T20:17:17.988107,douban_top250
127,123,勇敢的心,/ Braveheart,8.9,,导演: 梅尔·吉布森 Mel Gibson   主演: 梅尔·吉布森 Mel Gibson / 苏菲·玛... 1995 / 美国 / 动作 传记 剧情 历史 战争,,https://movie.douban.com/subject/1294639/,1995,,"剧情, 动作, 传记, 历史, 战争",,https://img1.doubanio.com/view/photo/s_ratio_poster/public/p2004174709.webp,,2026-05-14T20:17:17.988013,douban_top250
128,124,时空恋旅人,/ About Time,8.8,,导演: 理查德·柯蒂斯 Richard Curtis   主演: 多姆纳尔·格里森 Domhnall Gl... 2013 / 英国 美国 / 喜剧 爱情 奇幻,,https://movie.douban.com/subject/10577869/,2013,,"喜剧, 爱情, 奇幻",,https://img9.doubanio.com/view/photo/s_ratio_poster/public/p2070153774.webp,,2026-05-14T20:17:17.988059,douban_top250
129,122,剪刀手爱德华,/ Edward Scissorhands,8.7,,导演: 蒂姆·波顿 Tim Burton   主演: 约翰尼·德普 Johnny Depp / 薇诺娜·... 1990 / 美国 / 剧情 爱情 奇幻,,https://movie.douban.com/subject/1292370/,1990,,"剧情, 爱情, 奇幻",,https://img3.doubanio.com/view/photo/s_ratio_poster/public/p480956937.webp,,2026-05-14T20:17:17.987966,douban_top250
130,120,入殓师,/ おくりびと,8.9,,导演: 泷田洋二郎 Yôjirô Takita   主演: 本木雅弘 Masahiro Motoki / ... 2008 / 日本 / 剧情,,https://movie.douban.com/subject/2149806/,2008,,剧情,,https://img9.doubanio.com/view/photo/s_ratio_poster/public/p2707581855.webp,,2026-05-14T20:17:17.987859,douban_top250
131,121,断背山,/ Brokeback Mountain,8.8,,导演: 李安 Ang Lee   主演: 希斯·莱杰 Heath Ledger / 杰克·吉伦哈尔 Jake... 2005 / 美国 加拿大 / 剧情 爱情 同性 家庭,,https://movie.douban.com/subject/1418834/,2005,,"剧情, 爱情, 同性, 家庭",,https://img3.doubanio.com/view/photo/s_ratio_poster/public/p2169104127.webp,,2026-05-14T20:17:17.987913,douban_top250
132,119,菊次郎的夏天,/ 菊次郎の夏,8.9,,导演: 北野武 Takeshi Kitano   主演: 北野武 Takeshi Kitano / 关口雄介 Yus... 1999 / 日本 / 剧情 喜剧,,https://movie.douban.com/subject/1293359/,1999,,"剧情, 喜剧",,https://img9.doubanio.com/view/photo/s_ratio_poster/public/p2620392435.webp,,2026-05-14T20:17:17.987802,douban_top250
133,118,借东西的小人阿莉埃蒂,/ 借りぐらしのアリエッティ,8.9,,导演: 米林宏昌 Hiromasa Yonebayashi   主演: 志田未来 Mirai Shida / 神木... 2010 / 日本 / 动画 奇幻 冒险,,https://movie.douban.com/subject/4202302/,2010,,"动画, 奇幻, 冒险",,https://img9.doubanio.com/view/photo/s_ratio_poster/public/p617533616.webp,,2026-05-14T20:17:17.987738,douban_top250
134,117,重庆森林,/ 重慶森林,8.8,,导演: 王家卫 Kar Wai Wong   主演: 林青霞 Brigitte Lin / 金城武 Takeshi K... 1994 / 中国香港 / 剧情 爱情,,https://movie.douban.com/subject/1291999/,1994,,"剧情, 爱情",,https://img2.doubanio.com/view/photo/s_ratio_poster/public/p792381411.webp,,2026-05-14T20:17:17.987644,douban_top250
135,116,未麻的部屋,/ Perfect Blue,9.1,,导演: 今敏 Satoshi Kon   主演: 岩男润子 Junko Iwao / 松本梨香 Rica Matsu... 1997 / 日本 / 剧情 犯罪 动画 悬疑 惊悚,,https://movie.douban.com/subject/1395091/,1997,,"剧情, 动画, 悬疑, 惊悚, 犯罪",,https://img3.doubanio.com/view/photo/s_ratio_poster/public/p1351050722.webp,,2026-05-14T20:17:17.987507,douban_top250
136,115,哈利·波特与火焰杯,/ Harry Potter and the Goblet of Fire,8.8,,导演: 迈克·内威尔 Mike Newell   主演: 丹尼尔·雷德克里夫 Daniel Radclif... 2005 / 英国 美国 / 悬疑 奇幻 冒险,,https://movie.douban.com/subject/1309055/,2005,,"悬疑, 奇幻, 冒险",,https://img9.doubanio.com/view/photo/s_ratio_poster/public/p2913456904.webp,,2026-05-14T20:17:17.987463,douban_top250
137,113,被嫌弃的松子的一生,/ 嫌われ松子の一生,8.8,,导演: 中岛哲也 Tetsuya Nakashima   主演: 中谷美纪 Miki Nakatani / 瑛太 E... 2006 / 日本 / 剧情 歌舞,,https://movie.douban.com/subject/1787291/,2006,,"剧情, 歌舞",,https://img9.doubanio.com/view/photo/s_ratio_poster/public/p884763596.webp,,2026-05-14T20:17:17.987375,douban_top250
138,114,头脑特工队,/ Inside Out,8.8,,导演: 彼特·道格特 Pete Docter / 罗纳尔多·德尔·卡门 Ronaldo Del Carmen  &nb... 2015 / 美国 / 喜剧 动画 冒险,,https://movie.douban.com/subject/10533913/,2015,,"喜剧, 动画, 冒险",,https://img1.doubanio.com/view/photo/s_ratio_poster/public/p2874927470.webp,,2026-05-14T20:17:17.987418,douban_top250
139,112,爱在日落黄昏时,/ Before Sunset,8.9,,导演: 理查德·林克莱特 Richard Linklater   主演: 伊桑·霍克 Ethan Hawke ... 2004 / 美国 法国 / 剧情 爱情,,https://movie.douban.com/subject/1291990/,2004,,"剧情, 爱情",,https://img9.doubanio.com/view/photo/s_ratio_poster/public/p2191788134.webp,,2026-05-14T20:17:17.987330,douban_top250
140,111,爱在黎明破晓前,/ Before Sunrise,8.8,,导演: 理查德·林克莱特 Richard Linklater   主演: 伊桑·霍克 Ethan Hawke ... 1995 / 美国 奥地利 瑞士 / 剧情 爱情,,https://movie.douban.com/subject/1296339/,1995,,"剧情, 爱情",,https://img9.doubanio.com/view/photo/s_ratio_poster/public/p2555762374.webp,,2026-05-14T20:17:17.987285,douban_top250
141,110,第六感,/ The Sixth Sense,8.9,,导演: M·奈特·沙马兰 M. Night Shyamalan   主演: 布鲁斯·威利斯 Bruce Wi... 1999 / 美国 / 剧情 悬疑 惊悚,,https://movie.douban.com/subject/1297630/,1999,,"剧情, 悬疑, 惊悚",,https://img9.doubanio.com/view/photo/s_ratio_poster/public/p2220184425.webp,,2026-05-14T20:17:17.987241,douban_top250
142,109,茶馆,,9.5,,导演: 谢添 Tian Xie   主演: 于是之 Shizhi Yu / 郑榕 Rong Zhen / 蓝天野 T... 1982(中国大陆) / 中国大陆 / 剧情 历史,,https://movie.douban.com/subject/1461403/,1982,,"剧情, 历史",,https://img9.doubanio.com/view/photo/s_ratio_poster/public/p2528965424.webp,,2026-05-14T20:17:17.987196,douban_top250
143,108,7号房的礼物,/ 7번방의 선물,8.9,,导演: 李焕庆 Hwan-kyeong Lee   主演: 柳承龙 Seung-yong Ryoo / 朴信惠 Shi... 2013 / 韩国 / 剧情 喜剧 家庭,,https://movie.douban.com/subject/10777687/,2013,,"剧情, 喜剧, 家庭",,https://img9.doubanio.com/view/photo/s_ratio_poster/public/p1816276065.webp,,2026-05-14T20:17:17.987152,douban_top250
144,107,超能陆战队,/ Big Hero 6,8.8,,导演: 唐·霍尔 Don Hall / 克里斯·威廉姆斯 Chris Williams   主演: 斯科特... 2014 / 美国 / 喜剧 动作 科幻 动画 冒险,,https://movie.douban.com/subject/11026735/,2014,,"喜剧, 动作, 科幻, 动画, 冒险",,https://img1.doubanio.com/view/photo/s_ratio_poster/public/p2224568669.webp,,2026-05-14T20:17:17.987106,douban_top250
145,105,天书奇谭,,9.2,,导演: 王树忱 Shuchen Wang / 钱运达 Yunda Qian   主演: 丁建华 Jianhua Din... 1983(中国大陆) / 2021 / 中国大陆 / 动画 奇幻,,https://movie.douban.com/subject/1428581/,1983,,"动画, 奇幻",,https://img9.doubanio.com/view/photo/s_ratio_poster/public/p2700138245.webp,,2026-05-14T20:17:17.987013,douban_top250
146,106,蝙蝠侠：黑暗骑士崛起,/ The Dark Knight Rises,8.9,,导演: 克里斯托弗·诺兰 Christopher Nolan   主演: 克里斯蒂安·贝尔 Christ... 2012 / 美国 英国 / 剧情 动作 科幻 犯罪 惊悚,,https://movie.douban.com/subject/3395373/,2012,,"剧情, 动作, 科幻, 惊悚, 犯罪",,https://img9.doubanio.com/view/photo/s_ratio_poster/public/p1706428744.webp,,2026-05-14T20:17:17.987061,douban_top250
147,104,寄生虫,/ 기생충,8.8,,导演: 奉俊昊 Joon-ho Bong   主演: 宋康昊 Kang-ho Song / 李善均 Seon-gyun... 2019 / 韩国 / 剧情,,https://movie.douban.com/subject/27010768/,2019,,剧情,,https://img1.doubanio.com/view/photo/s_ratio_poster/public/p2561439800.webp,,2026-05-14T20:17:17.986966,douban_top250
148,103,甜蜜蜜,,8.9,,导演: 陈可辛 Peter Chan   主演: 黎明 Leon Lai / 张曼玉 Maggie Cheung / ... 1996 / 中国香港 / 剧情 爱情,,https://movie.douban.com/subject/1305164/,1996,,"剧情, 爱情",,https://img9.doubanio.com/view/photo/s_ratio_poster/public/p2223011274.webp,,2026-05-14T20:17:17.986916,douban_top250
149,101,狩猎,/ Jagten,9.1,,导演: 托马斯·温特伯格 Thomas Vinterberg   主演: 麦斯·米科尔森 Mads Mik... 2012 / 丹麦 瑞典 / 剧情,,https://movie.douban.com/subject/6985810/,2012,,剧情,,https://img3.doubanio.com/view/photo/s_ratio_poster/public/p1546987967.webp,,2026-05-14T20:17:17.986732,douban_top250
150,102,幽灵公主,/ もののけ姫,8.9,,导演: 宫崎骏 Hayao Miyazaki   主演: 松田洋治 Yôji Matsuda / 石田百合... 1997 / 日本 / 动画 奇幻 冒险,,https://movie.douban.com/subject/1297359/,1997,,"动画, 奇幻, 冒险",,https://img3.doubanio.com/view/photo/s_ratio_poster/public/p2920895053.webp,,2026-05-14T20:17:17.986857,douban_top250
151,175,无间道2,/ 無間道II,8.8,,导演: 刘伟强 Andrew Lau / 麦兆辉 Alan Mak   主演: 陈冠希 Edison Chen / ... 2003 / 中国香港 / 剧情 犯罪 惊悚,,https://movie.douban.com/subject/1307106/,2003,,"剧情, 惊悚, 犯罪",,https://img1.doubanio.com/view/photo/s_ratio_poster/public/p958008320.webp,,2026-05-14T20:25:42.543838,douban_top250
152,173,三块广告牌,"/ Three Billboards Outside Ebbing, Missouri",8.7,,导演: 马丁·麦克唐纳 Martin McDonagh   主演: 弗兰西斯·麦克多蒙德 France... 2017 / 英国 美国 / 剧情 犯罪,,https://movie.douban.com/subject/26611804/,2017,,"剧情, 犯罪",,https://img9.doubanio.com/view/photo/s_ratio_poster/public/p2502943384.webp,,2026-05-14T20:25:42.543751,douban_top250
153,174,电锯惊魂,/ Saw,8.7,,导演: 詹姆斯·温 James Wan   主演: 雷·沃纳尔 Leigh Whannell / 加利·艾... 2004 / 美国 / 悬疑 惊悚 恐怖,,https://movie.douban.com/subject/1417598/,2004,,"悬疑, 惊悚, 恐怖",,https://img9.doubanio.com/view/photo/s_ratio_poster/public/p726839485.webp,,2026-05-14T20:25:42.543794,douban_top250
154,172,谍影重重3,/ The Bourne Ultimatum,8.9,,导演: 保罗·格林格拉斯 Paul Greengrass   主演: 马特·达蒙 Matt Damon / ... 2007 / 美国 德国 法国 英国 / 动作 悬疑 惊悚,,https://movie.douban.com/subject/1578507/,2007,,"动作, 悬疑, 惊悚",,https://img3.doubanio.com/view/photo/s_ratio_poster/public/p792223507.webp,,2026-05-14T20:25:42.543708,douban_top250
155,171,小丑,/ Joker,8.7,,导演: 托德·菲利普斯 Todd Phillips   主演: 杰昆·菲尼克斯 Joaquin Phoeni... 2019 / 美国 加拿大 / 剧情 犯罪 惊悚,,https://movie.douban.com/subject/27119724/,2019,,"剧情, 惊悚, 犯罪",,https://img9.doubanio.com/view/photo/s_ratio_poster/public/p2567198874.webp,,2026-05-14T20:25:42.543665,douban_top250
156,169,黑客帝国3：矩阵革命,/ The Matrix Revolutions,8.8,,导演: 拉娜·沃卓斯基 Lana Wachowski / 莉莉·沃卓斯基 Lilly Wachowski   ... 2003 / 美国 / 动作 科幻,,https://movie.douban.com/subject/1302467/,2003,,"动作, 科幻",,https://img1.doubanio.com/view/photo/s_ratio_poster/public/p443461818.webp,,2026-05-14T20:25:42.543575,douban_top250
157,170,高山下的花环,,9.5,,导演: 谢晋 Jin Xie   主演: 吕晓禾 Xiaohe Lü / 唐国强 Guoqiang Tang / 何... 1984(中国大陆) / 1985 / 中国大陆 / 剧情 战争,,https://movie.douban.com/subject/1422283/,1984,,"剧情, 战争",,https://img1.doubanio.com/view/photo/s_ratio_poster/public/p2319879389.webp,,2026-05-14T20:25:42.543622,douban_top250
158,168,恐怖直播,/ 더 테러 라이브,8.7,,导演: 金秉祐 Byeong-woo Kim   主演: 河正宇 Jung-woo Ha / 李璟荣 Kyeong-y... 2013 / 韩国 / 剧情 犯罪 悬疑,,https://movie.douban.com/subject/21360417/,2013,,"剧情, 悬疑, 犯罪",,https://img9.doubanio.com/view/photo/s_ratio_poster/public/p2016930906.webp,,2026-05-14T20:25:42.543531,douban_top250
159,167,末路狂花,/ Thelma & Louise,9.0,,导演: 雷德利·斯科特 Ridley Scott   主演: 吉娜·戴维斯 Geena Davis / 苏... 1991 / 美国 英国 法国 / 犯罪 剧情 惊悚,,https://movie.douban.com/subject/1291992/,1991,,"剧情, 惊悚, 犯罪",,https://img9.doubanio.com/view/photo/s_ratio_poster/public/p1910924635.webp,,2026-05-14T20:25:42.543487,douban_top250
160,166,阳光姐妹淘,/ 써니,8.8,,导演: 姜炯哲 Hyeong-Cheol Kang   主演: 沈恩京 Eun-kyung Shim / 闵孝琳 Hy... 2011 / 韩国 / 剧情 喜剧,,https://movie.douban.com/subject/4917726/,2011,,"剧情, 喜剧",,https://img3.doubanio.com/view/photo/s_ratio_poster/public/p1374786017.webp,,2026-05-14T20:25:42.543443,douban_top250
161,165,我是山姆,/ I Am Sam,9.0,,导演: 杰茜·尼尔森 Jessie Nelson   主演: Sean Penn / Dakota Fanning / Mi... 2001 / 美国 / 剧情 家庭,,https://movie.douban.com/subject/1306861/,2001,,"剧情, 家庭",,https://img9.doubanio.com/view/photo/s_ratio_poster/public/p652417775.webp,,2026-05-14T20:25:42.543399,douban_top250
162,164,你的名字。,/ 君の名は。,8.5,,导演: 新海诚 Makoto Shinkai   主演: 神木隆之介 Ryûnosuke Kamiki / 上... 2016 / 日本 / 剧情 爱情 动画,,https://movie.douban.com/subject/26683290/,2016,,"剧情, 爱情, 动画",,https://img2.doubanio.com/view/photo/s_ratio_poster/public/p2910701461.webp,,2026-05-14T20:25:42.543354,douban_top250
163,162,血战钢锯岭,/ Hacksaw Ridge,8.7,,导演: 梅尔·吉布森 Mel Gibson   主演: 安德鲁·加菲尔德 Andrew Garfield /... 2016 / 澳大利亚 美国 / 剧情 传记 历史 战争,,https://movie.douban.com/subject/26325320/,2016,,"剧情, 传记, 历史, 战争",,https://img1.doubanio.com/view/photo/s_ratio_poster/public/p2398141939.webp,,2026-05-14T20:25:42.543266,douban_top250
164,163,射雕英雄传之东成西就,/ 射鵰英雄傳之東成西就,8.7,,导演: 刘镇伟 Jeffrey Lau   主演: 梁朝伟 Tony Leung Chiu Wai / 林青霞 Bri... 1993 / 中国香港 / 喜剧 奇幻 武侠 古装,,https://movie.douban.com/subject/1316510/,1993,,"喜剧, 奇幻, 武侠, 古装",,https://img3.doubanio.com/view/photo/s_ratio_poster/public/p2609063922.webp,,2026-05-14T20:25:42.543310,douban_top250
165,161,背靠背，脸对脸,,9.5,,导演: 黄建新 Jianxin Huang / 杨亚洲 Yazhou Yang   主演: 牛振华 Zhenhua N... 1994 / 中国大陆 中国香港 / 剧情,,https://movie.douban.com/subject/1307856/,1994,,剧情,,https://img3.doubanio.com/view/photo/s_ratio_poster/public/p2505048077.webp,,2026-05-14T20:25:42.543222,douban_top250
166,159,大鱼,/ Big Fish,8.8,,导演: 蒂姆·波顿 Tim Burton   主演: 伊万·麦克格雷格 Ewan McGregor / 阿... 2003 / 美国 / 剧情 爱情 奇幻 冒险,,https://movie.douban.com/subject/1291545/,2003,,"剧情, 爱情, 奇幻, 冒险",,https://img9.doubanio.com/view/photo/s_ratio_poster/public/p692813374.webp,,2026-05-14T20:25:42.543132,douban_top250
167,160,心灵奇旅,/ Soul,8.7,,导演: 彼特·道格特 Pete Docter / 凯普·鲍尔斯 Kemp Powers   主演: 杰米·... 2020 / 美国 / 动画 奇幻 音乐,,https://movie.douban.com/subject/24733428/,2020,,"动画, 音乐, 奇幻",,https://img1.doubanio.com/view/photo/s_ratio_poster/public/p2595591069.webp,,2026-05-14T20:25:42.543176,douban_top250
168,158,机器人之梦,/ Robot Dreams,9.1,,导演: 巴勃罗·贝格尔 Pablo Berger   主演: 伊万·拉班达 Ivan Labanda 2023 / 西班牙 法国 / 剧情 动画 音乐,,https://movie.douban.com/subject/35426925/,2023,,"剧情, 动画, 音乐",,https://img1.doubanio.com/view/photo/s_ratio_poster/public/p2928203369.webp,,2026-05-14T20:25:42.543087,douban_top250
169,157,惊魂记,/ Psycho,9.0,,导演: 阿尔弗雷德·希区柯克 Alfred Hitchcock   主演: 安东尼·博金斯 Antho... 1960 / 美国 / 悬疑 惊悚 恐怖,,https://movie.douban.com/subject/1293181/,1960,,"悬疑, 惊悚, 恐怖",,https://img9.doubanio.com/view/photo/s_ratio_poster/public/p1021883305.webp,,2026-05-14T20:25:42.543041,douban_top250
170,155,头号玩家,/ Ready Player One,8.6,,导演: 史蒂文·斯皮尔伯格 Steven Spielberg   主演: 泰伊·谢里丹 Tye Sheri... 2018 / 美国 / 动作 科幻 冒险,,https://movie.douban.com/subject/4920389/,2018,,"动作, 科幻, 冒险",,https://img3.doubanio.com/view/photo/s_ratio_poster/public/p2516578307.webp,,2026-05-14T20:25:42.542946,douban_top250
171,156,模仿游戏,/ The Imitation Game,8.8,,导演: 莫滕·泰杜姆 Morten Tyldum   主演: 本尼迪克特·康伯巴奇 Benedict C... 2014 / 英国 美国 / 剧情 传记 战争 同性,,https://movie.douban.com/subject/10463953/,2014,,"剧情, 同性, 传记, 战争",,https://img1.doubanio.com/view/photo/s_ratio_poster/public/p2922986728.webp,,2026-05-14T20:25:42.542994,douban_top250
172,154,玛丽和麦克斯,/ Mary and Max,9.0,,导演: 亚当·艾略特 Adam Elliot   主演: 托妮·科莱特 Toni Collette / 菲利... 2009 / 澳大利亚 美国 / 剧情 喜剧 动画,,https://movie.douban.com/subject/3072124/,2009,,"剧情, 喜剧, 动画",,https://img9.doubanio.com/view/photo/s_ratio_poster/public/p2923412445.webp,,2026-05-14T20:25:42.542895,douban_top250
173,153,七武士,/ 七人の侍,9.3,,导演: 黑泽明 Akira Kurosawa   主演: 三船敏郎 Toshirô Mifune / 志村乔 ... 1954 / 日本 / 动作 冒险 剧情,,https://movie.douban.com/subject/1295399/,1954,,"剧情, 动作, 冒险",,https://img9.doubanio.com/view/photo/s_ratio_poster/public/p2215886505.webp,,2026-05-14T20:25:42.542839,douban_top250
174,152,告白,,8.8,,导演: 中岛哲也 Tetsuya Nakashima   主演: 松隆子 Takako Matsu / 冈田将生 ... 2010 / 日本 / 剧情 悬疑,,https://movie.douban.com/subject/4268598/,2010,,"剧情, 悬疑",,https://img9.doubanio.com/view/photo/s_ratio_poster/public/p689520756.webp,,2026-05-14T20:25:42.542773,douban_top250
175,151,萤火之森,/ 蛍火の杜へ,8.8,,导演: 大森贵弘 Takahiro Omori   主演: 佐仓绫音 Ayane Sakura / 内山昂辉 K... 2011 / 日本 / 剧情 爱情 动画 奇幻,,https://movie.douban.com/subject/5989818/,2011,,"剧情, 爱情, 动画, 奇幻",,https://img3.doubanio.com/view/photo/s_ratio_poster/public/p1675053073.webp,,2026-05-14T20:25:42.542665,douban_top250
176,200,岁月神偷,/ 歲月神偷,8.7,,导演: 罗启锐 Alex Law   主演: 吴君如 Sandra Ng / 任达华 Simon Yam / 钟绍... 2010 / 中国香港 中国大陆 / 剧情 家庭,,https://movie.douban.com/subject/3792799/,2010,,"剧情, 家庭",,https://img2.doubanio.com/view/photo/s_ratio_poster/public/p456666151.webp,,2026-05-14T20:30:05.296074,douban_top250
177,199,忠犬八公物语,/ ハチ公物語,9.2,,导演: 神山征二郎 Seijirô Kôyama   主演: 仲代达矢 Tatsuya Nakadai /... 1987 / 日本 / 剧情,,https://movie.douban.com/subject/1959195/,1987,,剧情,,https://img9.doubanio.com/view/photo/s_ratio_poster/public/p2603716224.webp,,2026-05-14T20:30:05.296026,douban_top250
178,198,芙蓉镇,,9.3,,导演: 谢晋 Jin Xie   主演: 刘晓庆 Xiaoqing Liu / 姜文 Wen Jiang / 郑在石... 1987 / 中国大陆 / 剧情 爱情,,https://movie.douban.com/subject/1297880/,1987,,"剧情, 爱情",,https://img1.doubanio.com/view/photo/s_ratio_poster/public/p2575337180.webp,,2026-05-14T20:30:05.295975,douban_top250
179,197,冰川时代,/ Ice Age,8.7,,导演: 卡洛斯·沙尔丹哈 Carlos Saldanha / 克里斯·韦奇 Chris Wedge   主演... 2002 / 美国 / 喜剧 动画 冒险,,https://movie.douban.com/subject/1291578/,2002,,"喜剧, 动画, 冒险",,https://img1.doubanio.com/view/photo/s_ratio_poster/public/p1910895719.webp,,2026-05-14T20:30:05.295922,douban_top250
180,195,小偷家族,/ 万引き家族,8.7,,导演: 是枝裕和 Hirokazu Koreeda   主演: 中川雅也 Lily Franky / 安藤樱 Sa... 2018 / 日本 / 剧情 犯罪 家庭,,https://movie.douban.com/subject/27622447/,2018,,"剧情, 家庭, 犯罪",,https://img9.doubanio.com/view/photo/s_ratio_poster/public/p2530599636.webp,,2026-05-14T20:30:05.295625,douban_top250
181,196,魔女宅急便,/ 魔女の宅急便,8.7,,导演: 宫崎骏 Hayao Miyazaki   主演: 高山南 Minami Takayama / 佐久间玲 Re... 1989 / 日本 / 动画 奇幻 冒险,,https://movie.douban.com/subject/1307811/,1989,,"动画, 奇幻, 冒险",,https://img3.doubanio.com/view/photo/s_ratio_poster/public/p456676352.webp,,2026-05-14T20:30:05.295840,douban_top250
182,194,东京教父,/ 東京ゴッドファーザーズ,9.0,,导演: 今敏 Satoshi Kon   主演: 江守彻 Toru Emori / 梅垣义明 Yoshiaki Ume... 2003 / 日本 / 剧情 喜剧 动画,,https://movie.douban.com/subject/1310177/,2003,,"剧情, 喜剧, 动画",,https://img1.doubanio.com/view/photo/s_ratio_poster/public/p456703618.webp,,2026-05-14T20:30:05.295514,douban_top250
183,193,恐怖游轮,/ Triangle,8.5,,导演: 克里斯托弗·史密斯 Christopher Smith   主演: 梅利莎·乔治 Melissa ... 2009 / 英国 澳大利亚 / 科幻 悬疑 奇幻 惊悚,,https://movie.douban.com/subject/3011051/,2009,,"科幻, 悬疑, 惊悚, 奇幻",,https://img9.doubanio.com/view/photo/s_ratio_poster/public/p462470694.webp,,2026-05-14T20:30:05.295278,douban_top250
184,191,卢旺达饭店,/ Hotel Rwanda,8.9,,导演: 特瑞·乔治 Terry George   主演: 唐·钱德尔 Don Cheadle / 苏菲·奥... 2004 / 英国 南非 意大利 美国 / 剧情 传记 历史 战争,,https://movie.douban.com/subject/1291822/,2004,,"剧情, 传记, 历史, 战争",,https://img3.doubanio.com/view/photo/s_ratio_poster/public/p470419493.webp,,2026-05-14T20:30:05.295185,douban_top250
185,192,牯岭街少年杀人事件,/ 牯嶺街少年殺人事件,8.9,,导演: 杨德昌 Edward Yang   主演: 张震 Chen Chang / 杨静怡 Lisa Yang / 张... 1991 / 中国台湾 / 剧情 犯罪,,https://movie.douban.com/subject/1292329/,1991,,"剧情, 犯罪",,https://img9.doubanio.com/view/photo/s_ratio_poster/public/p848381236.webp,,2026-05-14T20:30:05.295232,douban_top250
186,190,无敌破坏王,/ Wreck-It Ralph,8.7,,导演: 瑞奇·莫尔 Rich Moore   主演: 约翰·C·赖利 John C. Reilly / 萨拉... 2012 / 美国 / 喜剧 动画 奇幻 冒险,,https://movie.douban.com/subject/6534248/,2012,,"喜剧, 动画, 奇幻, 冒险",,https://img9.doubanio.com/view/photo/s_ratio_poster/public/p1735642656.webp,,2026-05-14T20:30:05.295140,douban_top250
187,188,记忆碎片,/ Memento,8.7,,导演: 克里斯托弗·诺兰 Christopher Nolan   主演: 盖·皮尔斯 Guy Pearce /... 2000 / 美国 / 犯罪 剧情 悬疑 惊悚,,https://movie.douban.com/subject/1304447/,2000,,"剧情, 悬疑, 惊悚, 犯罪",,https://img3.doubanio.com/view/photo/s_ratio_poster/public/p2931989223.webp,,2026-05-14T20:30:05.295041,douban_top250
188,189,纵横四海,/ 縱橫四海,8.8,,导演: 吴宇森 John Woo   主演: 周润发 Yun-Fat Chow / 张国荣 Leslie Cheung... 1991 / 中国香港 / 剧情 喜剧 动作 犯罪,,https://movie.douban.com/subject/1295409/,1991,,"剧情, 喜剧, 动作, 犯罪",,https://img1.doubanio.com/view/photo/s_ratio_poster/public/p2931740648.webp,,2026-05-14T20:30:05.295092,douban_top250
189,187,英雄本色,,8.6,,导演: 吴宇森 John Woo   主演: 周润发 Yun-Fat Chow / 狄龙 Lung Ti / 张国... 1986 / 中国香港 / 剧情 动作 犯罪,,https://movie.douban.com/subject/1297574/,1986,,"剧情, 动作, 犯罪",,https://img3.doubanio.com/view/photo/s_ratio_poster/public/p2504997087.webp,,2026-05-14T20:30:05.294993,douban_top250
190,186,心迷宫,,8.7,,导演: 忻钰坤 Yukun Xin   主演: 霍卫民 Weimin Huo / 王笑天 Xiaotian Wang ... 2014 / 中国大陆 / 剧情 犯罪 悬疑,,https://movie.douban.com/subject/25917973/,2014,,"剧情, 悬疑, 犯罪",,https://img1.doubanio.com/view/photo/s_ratio_poster/public/p2926020289.webp,,2026-05-14T20:30:05.294934,douban_top250
191,185,上帝之城,/ Cidade de Deus,9.0,,导演: 费尔南多·梅里尔斯 Fernando Meirelles / 卡迪亚·兰德 Kátia Lund   ... 2002 / 巴西 法国 / 犯罪 剧情,,https://movie.douban.com/subject/1292208/,2002,,"剧情, 犯罪",,https://img1.doubanio.com/view/photo/s_ratio_poster/public/p455677490.webp,,2026-05-14T20:30:05.294763,douban_top250
192,184,风之谷,/ 風の谷のナウシカ,8.9,,导演: 宫崎骏 Hayao Miyazaki   主演: 岛本须美 Sumi Shimamoto / 松田洋治 Y... 1984 / 日本 / 动画 奇幻 冒险,,https://movie.douban.com/subject/1291585/,1984,,"动画, 奇幻, 冒险",,https://img3.doubanio.com/view/photo/s_ratio_poster/public/p1917567652.webp,,2026-05-14T20:30:05.294716,douban_top250
193,183,海街日记,/ 海街diary,8.8,,导演: 是枝裕和 Hirokazu Koreeda   主演: 绫濑遥 Haruka Ayase / 长泽雅美 M... 2015 / 日本 / 剧情 家庭,,https://movie.douban.com/subject/25895901/,2015,,"剧情, 家庭",,https://img3.doubanio.com/view/photo/s_ratio_poster/public/p2242546753.webp,,2026-05-14T20:30:05.294667,douban_top250
194,181,雨中曲,/ Singin' in the Rain,9.1,,导演: 斯坦利·多南 Stanley Donen / 吉恩·凯利 Gene Kelly   主演: 吉恩·... 1952 / 美国 / 喜剧 歌舞 爱情,,https://movie.douban.com/subject/1293460/,1952,,"喜剧, 爱情, 歌舞",,https://img9.doubanio.com/view/photo/s_ratio_poster/public/p1612355875.webp,,2026-05-14T20:30:05.294571,douban_top250
195,182,2001太空漫游,/ 2001: A Space Odyssey,8.9,,导演: 斯坦利·库布里克 Stanley Kubrick   主演: 凯尔·杜拉 Keir Dullea / ... 1968 / 英国 美国 / 科幻 惊悚 冒险,,https://movie.douban.com/subject/1292226/,1968,,"科幻, 惊悚, 冒险",,https://img1.doubanio.com/view/photo/s_ratio_poster/public/p2926647970.webp,,2026-05-14T20:30:05.294619,douban_top250
196,180,疯狂的石头,,8.6,,导演: 宁浩 Hao Ning   主演: 郭涛 Tao Guo / 刘桦 Hua Liu / 连晋 Teddy Lin 2006 / 中国大陆 中国香港 / 喜剧 犯罪,,https://movie.douban.com/subject/1862151/,2006,,"喜剧, 犯罪",,https://img3.doubanio.com/view/photo/s_ratio_poster/public/p712241453.webp,,2026-05-14T20:30:05.294522,douban_top250
197,179,爱在午夜降临前,/ Before Midnight,8.9,,导演: 理查德·林克莱特 Richard Linklater   主演: 伊桑·霍克 Ethan Hawke ... 2013 / 美国 希腊 / 剧情 爱情,,https://movie.douban.com/subject/10808442/,2013,,"剧情, 爱情",,https://img1.doubanio.com/view/photo/s_ratio_poster/public/p2074715729.webp,,2026-05-14T20:30:05.294472,douban_top250
198,178,绿里奇迹,/ The Green Mile,8.9,,导演: 弗兰克·德拉邦特 Frank Darabont   主演: 汤姆·汉克斯 Tom Hanks / ... 1999 / 美国 / 犯罪 剧情 奇幻 悬疑,,https://movie.douban.com/subject/1300374/,1999,,"剧情, 悬疑, 犯罪, 奇幻",,https://img2.doubanio.com/view/photo/s_ratio_poster/public/p767586451.webp,,2026-05-14T20:30:05.294419,douban_top250
199,177,疯狂原始人,/ The Croods,8.7,,导演: 科克·德·米科 Kirk De Micco / 克里斯·桑德斯 Chris Sanders   主演... 2013 / 美国 / 喜剧 动画 冒险,,https://movie.douban.com/subject/1907966/,2013,,"喜剧, 动画, 冒险",,https://img3.doubanio.com/view/photo/s_ratio_poster/public/p1867084027.webp,,2026-05-14T20:30:05.294356,douban_top250
200,176,达拉斯买家俱乐部,/ Dallas Buyers Club,8.8,,导演: 让-马克·瓦雷 Jean-Marc Vallée   主演: 马修·麦康纳 Matthew McCon... 2013 / 美国 / 剧情 传记 同性,,https://movie.douban.com/subject/1793929/,2013,,"剧情, 同性, 传记",,https://img3.doubanio.com/view/photo/s_ratio_poster/public/p2166160837.webp,,2026-05-14T20:30:05.294235,douban_top250
201,250,房间,/ Room,8.7,,导演: 伦尼·阿伯拉罕森 Lenny Abrahamson   主演: 布丽·拉尔森 Brie Larson... 2015 / 爱尔兰 加拿大 英国 美国 / 剧情 家庭,,https://movie.douban.com/subject/25724855/,2015,,"剧情, 家庭",,https://img9.doubanio.com/view/photo/s_ratio_poster/public/p2259715855.webp,,2026-05-14T20:34:20.204418,douban_top250
202,225,人工智能,/ A.I. Artificial Intelligence,8.7,,导演: 史蒂文·斯皮尔伯格 Steven Spielberg   主演: 海利·乔·奥斯蒙 Haley... 2001 / 美国 / 剧情 科幻,,https://movie.douban.com/subject/1302827/,2001,,"剧情, 科幻",,https://img3.doubanio.com/view/photo/s_ratio_poster/public/p792257137.webp,,2026-05-14T20:34:16.924549,douban_top250
203,249,魂断蓝桥,/ Waterloo Bridge,8.8,,导演: 茂文·勒鲁瓦 Mervyn LeRoy   主演: 费雯·丽 Vivien Leigh / 罗伯特·... 1940 / 美国 / 剧情 爱情 战争,,https://movie.douban.com/subject/1293964/,1940,,"剧情, 爱情, 战争",,https://img1.doubanio.com/view/photo/s_ratio_poster/public/p2351134499.webp,,2026-05-14T20:34:20.204372,douban_top250
204,248,血观音,/ 血觀音,8.6,,导演: 杨雅喆 Ya-che Yang   主演: 惠英红 Kara Wai Ying Hung / 吴可熙 Wu K... 2017 / 中国台湾 / 剧情 悬疑,,https://movie.douban.com/subject/27113517/,2017,,"剧情, 悬疑",,https://img9.doubanio.com/view/photo/s_ratio_poster/public/p2505008756.webp,,2026-05-14T20:34:20.204326,douban_top250
205,246,小姐,/ 아가씨,8.5,,导演: 朴赞郁 Chan-wook Park   主演: 金敏喜 Min-hee Kim / 金泰梨 Tae-ri K... 2016 / 韩国 / 剧情 悬疑 情色 同性,,https://movie.douban.com/subject/25977027/,2016,,"剧情, 悬疑, 情色, 同性",,https://img9.doubanio.com/view/photo/s_ratio_poster/public/p2355555424.webp,,2026-05-14T20:34:20.204235,douban_top250
206,247,隐藏人物,/ Hidden Figures,8.9,,导演: 特奥多尔·梅尔菲 Theodore Melfi   主演: 塔拉吉·P·汉森 Taraji P. ... 2016 / 美国 / 剧情 传记 历史,,https://movie.douban.com/subject/26615208/,2016,,"剧情, 传记, 历史",,https://img1.doubanio.com/view/photo/s_ratio_poster/public/p2374067318.webp,,2026-05-14T20:34:20.204280,douban_top250
207,245,血钻,/ Blood Diamond,8.7,,导演: 爱德华·兹威克 Edward Zwick   主演: 莱昂纳多·迪卡普里奥 Leonardo ... 2006 / 美国 德国 英国 / 剧情 惊悚 冒险,,https://movie.douban.com/subject/1428175/,2006,,"剧情, 惊悚, 冒险",,https://img3.doubanio.com/view/photo/s_ratio_poster/public/p1244017073.webp,,2026-05-14T20:34:20.204190,douban_top250
208,244,攻壳机动队,/ 攻殻機動隊,9.0,,导演: 押井守 Mamoru Oshii   主演: 田中敦子 Atsuko Tanaka / 大冢明夫 Akio... 1995 / 日本 / 动作 科幻 动画,,https://movie.douban.com/subject/1291936/,1995,,"动作, 科幻, 动画",,https://img3.doubanio.com/view/photo/s_ratio_poster/public/p2921045013.webp,,2026-05-14T20:34:20.204145,douban_top250
209,243,蜘蛛侠：平行宇宙,/ Spider-Man: Into the Spider-Verse,8.6,,导演: 鲍勃·佩尔西凯蒂 Bob Persichetti / 彼得·拉姆齐 Peter Ramsey   主... 2018 / 美国 / 动作 科幻 动画 冒险,,https://movie.douban.com/subject/26374197/,2018,,"动作, 科幻, 动画, 冒险",,https://img1.doubanio.com/view/photo/s_ratio_poster/public/p2535851348.webp,,2026-05-14T20:34:20.204100,douban_top250
210,242,战争之王,/ Lord of War,8.7,,导演: 安德鲁·尼科尔 Andrew Niccol   主演: 尼古拉斯·凯奇 Nicolas Cage /... 2005 / 美国 德国 / 剧情 犯罪,,https://movie.douban.com/subject/1419936/,2005,,"剧情, 犯罪",,https://img2.doubanio.com/view/photo/s_ratio_poster/public/p792282381.webp,,2026-05-14T20:34:20.204055,douban_top250
211,241,谍影重重2,/ The Bourne Supremacy,8.7,,导演: 保罗·格林格拉斯 Paul Greengrass   主演: 马特·达蒙 Matt Damon / ... 2004 / 美国 德国 / 动作 悬疑 惊悚,,https://movie.douban.com/subject/1308767/,2004,,"动作, 悬疑, 惊悚",,https://img9.doubanio.com/view/photo/s_ratio_poster/public/p667644866.webp,,2026-05-14T20:34:20.204010,douban_top250
212,239,奇迹男孩,/ Wonder,8.6,,导演: 斯蒂芬·卓博斯基 Stephen Chbosky   主演: 雅各布·特伦布莱 Jacob Tr... 2017 / 美国 中国香港 / 剧情 儿童 家庭,,https://movie.douban.com/subject/26787574/,2017,,"剧情, 家庭, 儿童",,https://img1.doubanio.com/view/photo/s_ratio_poster/public/p2507709428.webp,,2026-05-14T20:34:20.203919,douban_top250
213,240,千年女优,/ 千年女優,8.8,,导演: 今敏 Satoshi Kon   主演: 庄司美代子 Miyoko Shôji / 小山茉美 Mam... 2001 / 日本 / 动画 剧情 爱情,,https://movie.douban.com/subject/1307394/,2001,,"剧情, 爱情, 动画",,https://img9.doubanio.com/view/photo/s_ratio_poster/public/p2215102596.webp,,2026-05-14T20:34:20.203965,douban_top250
214,238,步履不停,/ 歩いても 歩いても,8.8,,导演: 是枝裕和 Hirokazu Koreeda   主演: 阿部宽 Hiroshi Abe / 夏川结衣 Yu... 2008 / 日本 / 剧情 家庭,,https://movie.douban.com/subject/2222996/,2008,,"剧情, 家庭",,https://img1.doubanio.com/view/photo/s_ratio_poster/public/p2375245718.webp,,2026-05-14T20:34:20.203869,douban_top250
215,236,黑客帝国2：重装上阵,/ The Matrix Reloaded,8.7,,导演: 拉娜·沃卓斯基 Lana Wachowski / 莉莉·沃卓斯基 Lilly Wachowski   ... 2003 / 美国 / 动作 科幻,,https://movie.douban.com/subject/1304141/,2003,,"动作, 科幻",,https://img1.doubanio.com/view/photo/s_ratio_poster/public/p443461390.webp,,2026-05-14T20:34:20.203781,douban_top250
216,237,冰雪奇缘,/ Frozen,8.5,,导演: 克里斯·巴克 Chris Buck / 珍妮弗·李 Jennifer Lee   主演: 克里斯汀... 2013 / 美国 / 喜剧 动画 奇幻 歌舞,,https://movie.douban.com/subject/4202982/,2013,,"喜剧, 动画, 歌舞, 奇幻",,https://img3.doubanio.com/view/photo/s_ratio_poster/public/p2151245053.webp,,2026-05-14T20:34:20.203826,douban_top250
217,235,真爱至上,/ Love Actually,8.5,,导演: 理查德·柯蒂斯 Richard Curtis   主演: 休·格兰特 Hugh Grant / 连姆... 2003 / 英国 美国 法国 / 喜剧 剧情 爱情,,https://movie.douban.com/subject/1292401/,2003,,"剧情, 喜剧, 爱情",,https://img1.doubanio.com/view/photo/s_ratio_poster/public/p475600770.webp,,2026-05-14T20:34:20.203736,douban_top250
218,233,恋恋笔记本,/ The Notebook,8.5,,导演: 尼克·卡索维茨 Nick Cassavetes   主演: 瑞恩·高斯林 Ryan Gosling /... 2004 / 美国 / 剧情 爱情,,https://movie.douban.com/subject/1309163/,2004,,"剧情, 爱情",,https://img9.doubanio.com/view/photo/s_ratio_poster/public/p483604864.webp,,2026-05-14T20:34:20.203647,douban_top250
219,234,火星救援,/ The Martian,8.5,,导演: 雷德利·斯科特 Ridley Scott   主演: 马特·达蒙 Matt Damon / 杰西卡... 2015 / 英国 美国 匈牙利 约旦 / 剧情 科幻 冒险,,https://movie.douban.com/subject/25864085/,2015,,"剧情, 科幻, 冒险",,https://img3.doubanio.com/view/photo/s_ratio_poster/public/p2264592493.webp,,2026-05-14T20:34:20.203691,douban_top250
220,232,海边的曼彻斯特,/ Manchester by the Sea,8.6,,导演: 肯尼斯·罗纳根 Kenneth Lonergan   主演: 卡西·阿弗莱克 Casey Affle... 2016 / 美国 / 剧情 家庭,,https://movie.douban.com/subject/25980443/,2016,,"剧情, 家庭",,https://img9.doubanio.com/view/photo/s_ratio_poster/public/p2421855655.webp,,2026-05-14T20:34:20.203603,douban_top250
221,231,罗生门,/ 羅生門,8.8,,导演: 黑泽明 Akira Kurosawa   主演: 三船敏郎 Toshirô Mifune / 京町子 ... 1950 / 日本 / 剧情 犯罪 悬疑,,https://movie.douban.com/subject/1291879/,1950,,"剧情, 悬疑, 犯罪",,https://img2.doubanio.com/view/photo/s_ratio_poster/public/p1598883511.webp,,2026-05-14T20:34:20.203559,douban_top250
222,230,彗星来的那一夜,/ Coherence,8.6,,导演: 詹姆斯·沃德·布柯特 James Ward Byrkit   主演: 艾米丽·芭尔多尼 Em... 2013 / 美国 英国 / 科幻 悬疑 惊悚,,https://movie.douban.com/subject/25807345/,2013,,"科幻, 悬疑, 惊悚",,https://img9.doubanio.com/view/photo/s_ratio_poster/public/p2187896734.webp,,2026-05-14T20:34:20.203512,douban_top250
223,229,哈利·波特与凤凰社,/ Harry Potter and the Order of the Phoenix,8.6,,导演: 大卫·叶茨 David Yates   主演: 丹尼尔·雷德克里夫 Daniel Radcliffe... 2007 / 英国 美国 / 奇幻 冒险,,https://movie.douban.com/subject/1457217/,2007,,"奇幻, 冒险",,https://img9.doubanio.com/view/photo/s_ratio_poster/public/p2913456924.webp,,2026-05-14T20:34:20.203464,douban_top250
224,228,虎口脱险,/ La grande vadrouille,8.9,,导演: 杰拉尔·乌里 Gérard Oury   主演: 路易·德·菲耐斯 Louis de Funès... 1966 / 法国 英国 / 喜剧 战争,,https://movie.douban.com/subject/1296909/,1966,,"喜剧, 战争",,https://img3.doubanio.com/view/photo/s_ratio_poster/public/p2399597512.webp,,2026-05-14T20:34:20.203405,douban_top250
225,226,崖上的波妞,/ 崖の上のポニョ,8.6,,导演: 宫崎骏 Hayao Miyazaki   主演: 奈良柚莉爱 Yuria Nara / 土井洋辉 Hir... 2008 / 日本 / 动画 奇幻 冒险,,https://movie.douban.com/subject/1959877/,2008,,"动画, 奇幻, 冒险",,https://img1.doubanio.com/view/photo/s_ratio_poster/public/p2627847859.webp,,2026-05-14T20:34:20.203224,douban_top250
226,227,雨人,/ Rain Man,8.7,,导演: 巴瑞·莱文森 Barry Levinson   主演: 达斯汀·霍夫曼 Dustin Hoffman ... 1988 / 美国 / 剧情,,https://movie.douban.com/subject/1291870/,1988,,剧情,,https://img3.doubanio.com/view/photo/s_ratio_poster/public/p2353324612.webp,,2026-05-14T20:34:20.203343,douban_top250
227,224,千钧一发,/ Gattaca,8.8,,导演: 安德鲁·尼科尔 Andrew Niccol   主演: 伊桑·霍克 Ethan Hawke / 乌玛... 1997 / 美国 / 剧情 科幻 惊悚,,https://movie.douban.com/subject/1300117/,1997,,"剧情, 科幻, 惊悚",,https://img3.doubanio.com/view/photo/s_ratio_poster/public/p792423963.webp,,2026-05-14T20:34:16.924505,douban_top250
228,222,新龙门客栈,/ 新龍門客棧,8.7,,导演: 李惠民 Raymond Lee   主演: 张曼玉 Maggie Cheung / 林青霞 Brigitte ... 1992 / 中国香港 中国大陆 / 动作 爱情 武侠 古装,,https://movie.douban.com/subject/1292287/,1992,,"动作, 爱情, 武侠, 古装",,https://img1.doubanio.com/view/photo/s_ratio_poster/public/p1421018669.webp,,2026-05-14T20:34:16.924416,douban_top250
229,223,初恋这件小事,/ สิ่งเล็กเล็กที่เรียกว่า...รัก,8.5,,导演: 普特鹏·普罗萨卡·那·萨克那卡林 Puttipong Promsaka Na Sakolnakorn / 华森·波克彭... 2010 / 泰国 / 剧情 喜剧 爱情,,https://movie.douban.com/subject/4739952/,2010,,"剧情, 喜剧, 爱情",,https://img3.doubanio.com/view/photo/s_ratio_poster/public/p1505312273.webp,,2026-05-14T20:34:16.924462,douban_top250
230,221,黑天鹅,/ Black Swan,8.6,,导演: 达伦·阿罗诺夫斯基 Darren Aronofsky   主演: 娜塔莉·波特曼 Natalie... 2010 / 美国 / 剧情 惊悚,,https://movie.douban.com/subject/1978709/,2010,,"剧情, 惊悚",,https://img9.doubanio.com/view/photo/s_ratio_poster/public/p2549648344.webp,,2026-05-14T20:34:16.924372,douban_top250
231,219,大红灯笼高高挂,,8.8,,导演: 张艺谋 Yimou Zhang   主演: 巩俐 Li Gong / 马精武 Jingwu Ma / 何赛... 1991 / 中国大陆 中国香港 中国台湾 / 剧情,,https://movie.douban.com/subject/1293323/,1991,,剧情,,https://img3.doubanio.com/view/photo/s_ratio_poster/public/p1254404823.webp,,2026-05-14T20:34:16.924285,douban_top250
232,220,终结者2：审判日,/ Terminator 2: Judgment Day,8.8,,导演: 詹姆斯·卡梅隆 James Cameron   主演: 阿诺·施瓦辛格 Arnold Schwarz... 1991 / 美国 法国 / 动作 科幻,,https://movie.douban.com/subject/1291844/,1991,,"动作, 科幻",,https://img9.doubanio.com/view/photo/s_ratio_poster/public/p1910909085.webp,,2026-05-14T20:34:16.924328,douban_top250
233,218,东邪西毒,/ 東邪西毒,8.6,,导演: 王家卫 Kar Wai Wong   主演: 张国荣 Leslie Cheung / 林青霞 Brigitte... 1994 / 中国香港 中国台湾 / 剧情 动作 爱情 武侠 古装,,https://movie.douban.com/subject/1292328/,1994,,"剧情, 动作, 爱情, 武侠, 古装",,https://img3.doubanio.com/view/photo/s_ratio_poster/public/p1982176012.webp,,2026-05-14T20:34:16.924240,douban_top250
234,216,哈利·波特与死亡圣器(上),/ Harry Potter and the Deathly Hallows: Part 1,8.6,,导演: 大卫·叶茨 David Yates   主演: 丹尼尔·雷德克里夫 Daniel Radcliffe... 2010 / 英国 美国 / 奇幻 冒险,,https://movie.douban.com/subject/2051007/,2010,,"奇幻, 冒险",,https://img9.doubanio.com/view/photo/s_ratio_poster/public/p2913456984.webp,,2026-05-14T20:34:16.924153,douban_top250
235,217,无耻混蛋,/ Inglourious Basterds,8.7,,导演: 昆汀·塔伦蒂诺 Quentin Tarantino   主演: 布拉德·皮特 Brad Pitt / ... 2009 / 德国 美国 / 剧情 犯罪,,https://movie.douban.com/subject/1438652/,2009,,"剧情, 犯罪",,https://img1.doubanio.com/view/photo/s_ratio_poster/public/p2575043939.webp,,2026-05-14T20:34:16.924196,douban_top250
236,215,青蛇,,8.6,,导演: 徐克 Hark Tsui   主演: 张曼玉 Maggie Cheung / 王祖贤 Joey Wang / ... 1993 / 中国香港 中国大陆 / 剧情 爱情 奇幻 古装,,https://movie.douban.com/subject/1303394/,1993,,"剧情, 爱情, 奇幻, 古装",,https://img1.doubanio.com/view/photo/s_ratio_poster/public/p2923862788.webp,,2026-05-14T20:34:16.924107,douban_top250
237,214,爆裂鼓手,/ Whiplash,8.6,,导演: 达米恩·查泽雷 Damien Chazelle   主演: 迈尔斯·特勒 Miles Teller /... 2014 / 美国 / 剧情 音乐,,https://movie.douban.com/subject/25773932/,2014,,"剧情, 音乐",,https://img1.doubanio.com/view/photo/s_ratio_poster/public/p2915975989.webp,,2026-05-14T20:34:16.924064,douban_top250
238,212,波西米亚狂想曲,/ Bohemian Rhapsody,8.6,,导演: 布莱恩·辛格 Bryan Singer   主演: 拉米·马雷克 Rami Malek / 本·哈... 2018 / 英国 美国 / 剧情 传记 同性 音乐,,https://movie.douban.com/subject/5300054/,2018,,"剧情, 同性, 音乐, 传记",,https://img3.doubanio.com/view/photo/s_ratio_poster/public/p2549558913.webp,,2026-05-14T20:34:16.923974,douban_top250
239,213,城市之光,/ City Lights,9.3,,导演: 查理·卓别林 Charles Chaplin   主演: 查理·卓别林 Charles Chaplin ... 1931 / 美国 / 喜剧 剧情 爱情,,https://movie.douban.com/subject/1293908/,1931,,"剧情, 喜剧, 爱情",,https://img1.doubanio.com/view/photo/s_ratio_poster/public/p2170238828.webp,,2026-05-14T20:34:16.924019,douban_top250
240,211,贫民窟的百万富翁,/ Slumdog Millionaire,8.6,,导演: 丹尼·鲍尔 Danny Boyle / 洛芙琳·坦丹 Loveleen Tandan   主演: 戴夫... 2008 / 英国 / 剧情 爱情,,https://movie.douban.com/subject/2209573/,2008,,"剧情, 爱情",,https://img1.doubanio.com/view/photo/s_ratio_poster/public/p2434249040.webp,,2026-05-14T20:34:16.923922,douban_top250
241,210,你看起来好像很好吃,/ おまえうまそうだな,8.9,,导演: 藤森雅也 Masaya Fujimori   主演: 山口胜平 Kappei Yamaguchi / 爱河... 2010 / 日本 / 剧情 动画 儿童,,https://movie.douban.com/subject/4848115/,2010,,"剧情, 动画, 儿童",,https://img3.doubanio.com/view/photo/s_ratio_poster/public/p709670262.webp,,2026-05-14T20:34:16.923878,douban_top250
242,208,疯狂的麦克斯4：狂暴之路,/ Mad Max: Fury Road,8.7,,导演: 乔治·米勒 George Miller   主演: 汤姆·哈迪 Tom Hardy / 查理兹·塞... 2015 / 澳大利亚 美国 / 动作 科幻 冒险,,https://movie.douban.com/subject/3592854/,2015,,"动作, 科幻, 冒险",,https://img3.doubanio.com/view/photo/s_ratio_poster/public/p2236181653.webp,,2026-05-14T20:34:16.923789,douban_top250
243,209,可可西里,,8.9,,导演: 陆川 Chuan Lu   主演: 多布杰 Duobujie / 张磊 Lei Zhang / 亓亮 Qi L... 2004 / 中国大陆 中国香港 / 剧情 犯罪,,https://movie.douban.com/subject/1308857/,2004,,"剧情, 犯罪",,https://img9.doubanio.com/view/photo/s_ratio_poster/public/p2363208684.webp,,2026-05-14T20:34:16.923833,douban_top250
244,207,爱乐之城,/ La La Land,8.4,,导演: 达米恩·查泽雷 Damien Chazelle   主演: 瑞恩·高斯林 Ryan Gosling /... 2016 / 美国 / 剧情 爱情 歌舞,,https://movie.douban.com/subject/25934014/,2016,,"剧情, 爱情, 歌舞",,https://img9.doubanio.com/view/photo/s_ratio_poster/public/p2929224846.webp,,2026-05-14T20:34:16.923743,douban_top250
245,205,花束般的恋爱,/ 花束みたいな恋をした,8.6,,导演: 土井裕泰 Nobuhiro Doi   主演: 菅田将晖 Masaki Suda / 有村架纯 Kasu... 2021 / 日本 / 剧情 爱情,,https://movie.douban.com/subject/34874432/,2021,,"剧情, 爱情",,https://img3.doubanio.com/view/photo/s_ratio_poster/public/p2868462052.webp,,2026-05-14T20:34:16.923648,douban_top250
246,206,白日梦想家,/ The Secret Life of Walter Mitty,8.6,,导演: 本·斯蒂勒 Ben Stiller   主演: 本·斯蒂勒 Ben Stiller / 克里斯汀·... 2013 / 美国 英国 / 剧情 喜剧 冒险,,https://movie.douban.com/subject/2133323/,2013,,"剧情, 喜剧, 冒险",,https://img3.doubanio.com/view/photo/s_ratio_poster/public/p2893896472.webp,,2026-05-14T20:34:16.923696,douban_top250
247,204,源代码,/ Source Code,8.6,,导演: 邓肯·琼斯 Duncan Jones   主演: 杰克·吉伦哈尔 Jake Gyllenhaal / ... 2011 / 美国 加拿大 / 科幻 悬疑 惊悚,,https://movie.douban.com/subject/3075287/,2011,,"科幻, 悬疑, 惊悚",,https://img9.doubanio.com/view/photo/s_ratio_poster/public/p988260245.webp,,2026-05-14T20:34:16.923598,douban_top250
248,203,大佛普拉斯,,8.7,,导演: 黄信尧 Hsin-yao Huang   主演: 庄益增 Yizeng Zhuang / 陈竹昇 Chu-sh... 2017 / 中国台湾 / 剧情 喜剧,,https://movie.douban.com/subject/27059130/,2017,,"剧情, 喜剧",,https://img3.doubanio.com/view/photo/s_ratio_poster/public/p2505928032.webp,,2026-05-14T20:34:16.923544,douban_top250
249,202,荒蛮故事,/ Relatos salvajes,8.7,,导演: 达米安·斯兹弗隆 Damián Szifron   主演: 达里奥·葛兰帝内提 Darío... 2014 / 阿根廷 西班牙 / 剧情 喜剧 犯罪,,https://movie.douban.com/subject/24750126/,2014,,"剧情, 喜剧, 犯罪",,https://img3.doubanio.com/view/photo/s_ratio_poster/public/p2919686972.webp,,2026-05-14T20:34:16.923479,douban_top250
250,201,遗愿清单,/ The Bucket List,8.7,,导演: 罗伯·莱纳 Rob Reiner   主演: 杰克·尼科尔森 Jack Nicholson / 摩根... 2007 / 美国 / 冒险 喜剧 剧情,,https://movie.douban.com/subject/1867345/,2007,,"剧情, 喜剧, 冒险",,https://img3.doubanio.com/view/photo/s_ratio_poster/public/p2676812053.webp,,2026-05-14T20:34:16.923369,douban_top250
